--
-- PostgreSQL database dump
--

-- Dumped from database version 14.2
-- Dumped by pg_dump version 14.2

-- Started on 2023-12-07 12:36:13

SET statement_timeout = 0;
SET lock_timeout = 0;
SET idle_in_transaction_session_timeout = 0;
SET client_encoding = 'UTF8';
SET standard_conforming_strings = on;
SELECT pg_catalog.set_config('search_path', '', false);
SET check_function_bodies = false;
SET xmloption = content;
SET client_min_messages = warning;
SET row_security = off;

SET default_tablespace = '';

SET default_table_access_method = heap;

--
-- TOC entry 216 (class 1259 OID 17826)
-- Name: auth_group; Type: TABLE; Schema: public; Owner: postgres
--

CREATE TABLE public.auth_group (
    id integer NOT NULL,
    name character varying(150) NOT NULL
);


ALTER TABLE public.auth_group OWNER TO postgres;

--
-- TOC entry 215 (class 1259 OID 17825)
-- Name: auth_group_id_seq; Type: SEQUENCE; Schema: public; Owner: postgres
--

ALTER TABLE public.auth_group ALTER COLUMN id ADD GENERATED BY DEFAULT AS IDENTITY (
    SEQUENCE NAME public.auth_group_id_seq
    START WITH 1
    INCREMENT BY 1
    NO MINVALUE
    NO MAXVALUE
    CACHE 1
);


--
-- TOC entry 218 (class 1259 OID 17834)
-- Name: auth_group_permissions; Type: TABLE; Schema: public; Owner: postgres
--

CREATE TABLE public.auth_group_permissions (
    id bigint NOT NULL,
    group_id integer NOT NULL,
    permission_id integer NOT NULL
);


ALTER TABLE public.auth_group_permissions OWNER TO postgres;

--
-- TOC entry 217 (class 1259 OID 17833)
-- Name: auth_group_permissions_id_seq; Type: SEQUENCE; Schema: public; Owner: postgres
--

ALTER TABLE public.auth_group_permissions ALTER COLUMN id ADD GENERATED BY DEFAULT AS IDENTITY (
    SEQUENCE NAME public.auth_group_permissions_id_seq
    START WITH 1
    INCREMENT BY 1
    NO MINVALUE
    NO MAXVALUE
    CACHE 1
);


--
-- TOC entry 214 (class 1259 OID 17820)
-- Name: auth_permission; Type: TABLE; Schema: public; Owner: postgres
--

CREATE TABLE public.auth_permission (
    id integer NOT NULL,
    name character varying(255) NOT NULL,
    content_type_id integer NOT NULL,
    codename character varying(100) NOT NULL
);


ALTER TABLE public.auth_permission OWNER TO postgres;

--
-- TOC entry 213 (class 1259 OID 17819)
-- Name: auth_permission_id_seq; Type: SEQUENCE; Schema: public; Owner: postgres
--

ALTER TABLE public.auth_permission ALTER COLUMN id ADD GENERATED BY DEFAULT AS IDENTITY (
    SEQUENCE NAME public.auth_permission_id_seq
    START WITH 1
    INCREMENT BY 1
    NO MINVALUE
    NO MAXVALUE
    CACHE 1
);


--
-- TOC entry 238 (class 1259 OID 18018)
-- Name: django_admin_log; Type: TABLE; Schema: public; Owner: postgres
--

CREATE TABLE public.django_admin_log (
    id integer NOT NULL,
    action_time timestamp with time zone NOT NULL,
    object_id text,
    object_repr character varying(200) NOT NULL,
    action_flag smallint NOT NULL,
    change_message text NOT NULL,
    content_type_id integer,
    user_id bigint NOT NULL,
    CONSTRAINT django_admin_log_action_flag_check CHECK ((action_flag >= 0))
);


ALTER TABLE public.django_admin_log OWNER TO postgres;

--
-- TOC entry 237 (class 1259 OID 18017)
-- Name: django_admin_log_id_seq; Type: SEQUENCE; Schema: public; Owner: postgres
--

ALTER TABLE public.django_admin_log ALTER COLUMN id ADD GENERATED BY DEFAULT AS IDENTITY (
    SEQUENCE NAME public.django_admin_log_id_seq
    START WITH 1
    INCREMENT BY 1
    NO MINVALUE
    NO MAXVALUE
    CACHE 1
);


--
-- TOC entry 212 (class 1259 OID 17812)
-- Name: django_content_type; Type: TABLE; Schema: public; Owner: postgres
--

CREATE TABLE public.django_content_type (
    id integer NOT NULL,
    app_label character varying(100) NOT NULL,
    model character varying(100) NOT NULL
);


ALTER TABLE public.django_content_type OWNER TO postgres;

--
-- TOC entry 211 (class 1259 OID 17811)
-- Name: django_content_type_id_seq; Type: SEQUENCE; Schema: public; Owner: postgres
--

ALTER TABLE public.django_content_type ALTER COLUMN id ADD GENERATED BY DEFAULT AS IDENTITY (
    SEQUENCE NAME public.django_content_type_id_seq
    START WITH 1
    INCREMENT BY 1
    NO MINVALUE
    NO MAXVALUE
    CACHE 1
);


--
-- TOC entry 210 (class 1259 OID 17804)
-- Name: django_migrations; Type: TABLE; Schema: public; Owner: postgres
--

CREATE TABLE public.django_migrations (
    id bigint NOT NULL,
    app character varying(255) NOT NULL,
    name character varying(255) NOT NULL,
    applied timestamp with time zone NOT NULL
);


ALTER TABLE public.django_migrations OWNER TO postgres;

--
-- TOC entry 209 (class 1259 OID 17803)
-- Name: django_migrations_id_seq; Type: SEQUENCE; Schema: public; Owner: postgres
--

ALTER TABLE public.django_migrations ALTER COLUMN id ADD GENERATED BY DEFAULT AS IDENTITY (
    SEQUENCE NAME public.django_migrations_id_seq
    START WITH 1
    INCREMENT BY 1
    NO MINVALUE
    NO MAXVALUE
    CACHE 1
);


--
-- TOC entry 255 (class 1259 OID 18318)
-- Name: django_session; Type: TABLE; Schema: public; Owner: postgres
--

CREATE TABLE public.django_session (
    session_key character varying(40) NOT NULL,
    session_data text NOT NULL,
    expire_date timestamp with time zone NOT NULL
);


ALTER TABLE public.django_session OWNER TO postgres;

--
-- TOC entry 240 (class 1259 OID 18039)
-- Name: tb_clients; Type: TABLE; Schema: public; Owner: postgres
--

CREATE TABLE public.tb_clients (
    id bigint NOT NULL,
    type character varying(6) NOT NULL,
    name character varying(100) NOT NULL,
    acronym character varying(100) NOT NULL,
    first_name character varying(50),
    last_name character varying(50),
    company_position character varying(80),
    address character varying(100) NOT NULL,
    email character varying(80),
    telephone character varying(80),
    description text,
    ministry_id bigint NOT NULL,
    created_at timestamp with time zone NOT NULL,
    updated_at timestamp with time zone NOT NULL,
    municipality_id bigint NOT NULL,
    province_id bigint NOT NULL,
    user_at_id bigint,
    account_cup character varying(20),
    account_usd character varying(20),
    bank character varying(80),
    bank_branch character varying(80)
);


ALTER TABLE public.tb_clients OWNER TO postgres;

--
-- TOC entry 239 (class 1259 OID 18038)
-- Name: tb_clients_id_seq; Type: SEQUENCE; Schema: public; Owner: postgres
--

ALTER TABLE public.tb_clients ALTER COLUMN id ADD GENERATED BY DEFAULT AS IDENTITY (
    SEQUENCE NAME public.tb_clients_id_seq
    START WITH 1
    INCREMENT BY 1
    NO MINVALUE
    NO MAXVALUE
    CACHE 1
);


--
-- TOC entry 228 (class 1259 OID 17896)
-- Name: tb_company_positions; Type: TABLE; Schema: public; Owner: postgres
--

CREATE TABLE public.tb_company_positions (
    id bigint NOT NULL,
    title character varying(50) NOT NULL,
    salary double precision NOT NULL,
    description text,
    created_at timestamp with time zone NOT NULL,
    updated_at timestamp with time zone NOT NULL,
    user_at_id bigint,
    salary_scale_id bigint
);


ALTER TABLE public.tb_company_positions OWNER TO postgres;

--
-- TOC entry 227 (class 1259 OID 17895)
-- Name: tb_company_positions_id_seq; Type: SEQUENCE; Schema: public; Owner: postgres
--

ALTER TABLE public.tb_company_positions ALTER COLUMN id ADD GENERATED BY DEFAULT AS IDENTITY (
    SEQUENCE NAME public.tb_company_positions_id_seq
    START WITH 1
    INCREMENT BY 1
    NO MINVALUE
    NO MAXVALUE
    CACHE 1
);


--
-- TOC entry 244 (class 1259 OID 18063)
-- Name: tb_contract_services; Type: TABLE; Schema: public; Owner: postgres
--

CREATE TABLE public.tb_contract_services (
    id bigint NOT NULL,
    description text,
    value_cup double precision,
    value_usd double precision,
    created_at timestamp with time zone NOT NULL,
    updated_at timestamp with time zone NOT NULL,
    client_id bigint NOT NULL,
    contract_id bigint NOT NULL,
    service_id bigint NOT NULL,
    user_at_id bigint
);


ALTER TABLE public.tb_contract_services OWNER TO postgres;

--
-- TOC entry 243 (class 1259 OID 18062)
-- Name: tb_contract_services_id_seq; Type: SEQUENCE; Schema: public; Owner: postgres
--

ALTER TABLE public.tb_contract_services ALTER COLUMN id ADD GENERATED BY DEFAULT AS IDENTITY (
    SEQUENCE NAME public.tb_contract_services_id_seq
    START WITH 1
    INCREMENT BY 1
    NO MINVALUE
    NO MAXVALUE
    CACHE 1
);


--
-- TOC entry 246 (class 1259 OID 18071)
-- Name: tb_contract_status; Type: TABLE; Schema: public; Owner: postgres
--

CREATE TABLE public.tb_contract_status (
    id bigint NOT NULL,
    status character varying(20) NOT NULL,
    date_register timestamp with time zone NOT NULL,
    observation text,
    created_at timestamp with time zone NOT NULL,
    updated_at timestamp with time zone NOT NULL,
    contract_id bigint NOT NULL,
    user_at_id bigint
);


ALTER TABLE public.tb_contract_status OWNER TO postgres;

--
-- TOC entry 245 (class 1259 OID 18070)
-- Name: tb_contract_status_id_seq; Type: SEQUENCE; Schema: public; Owner: postgres
--

ALTER TABLE public.tb_contract_status ALTER COLUMN id ADD GENERATED BY DEFAULT AS IDENTITY (
    SEQUENCE NAME public.tb_contract_status_id_seq
    START WITH 1
    INCREMENT BY 1
    NO MINVALUE
    NO MAXVALUE
    CACHE 1
);


--
-- TOC entry 242 (class 1259 OID 18053)
-- Name: tb_contracts; Type: TABLE; Schema: public; Owner: postgres
--

CREATE TABLE public.tb_contracts (
    id bigint NOT NULL,
    type character varying(3) NOT NULL,
    number character varying(8) NOT NULL,
    title character varying(100) NOT NULL,
    value_cup double precision,
    value_usd double precision,
    date_elaboration timestamp with time zone NOT NULL,
    date_receiving timestamp with time zone NOT NULL,
    date_circulation timestamp with time zone NOT NULL,
    date_committed_presentation timestamp with time zone NOT NULL,
    date_committed_approved timestamp with time zone NOT NULL,
    date_client_signature timestamp with time zone NOT NULL,
    date_approved timestamp with time zone NOT NULL,
    date_start timestamp with time zone NOT NULL,
    date_end timestamp with time zone NOT NULL,
    description text,
    observation text,
    created_at timestamp with time zone NOT NULL,
    updated_at timestamp with time zone NOT NULL,
    client_id bigint NOT NULL,
    contract_id bigint NOT NULL,
    user_at_id bigint,
    user_manager_id bigint,
    user_receiving_id bigint NOT NULL,
    service_id bigint NOT NULL
);


ALTER TABLE public.tb_contracts OWNER TO postgres;

--
-- TOC entry 241 (class 1259 OID 18052)
-- Name: tb_contracts_id_seq; Type: SEQUENCE; Schema: public; Owner: postgres
--

ALTER TABLE public.tb_contracts ALTER COLUMN id ADD GENERATED BY DEFAULT AS IDENTITY (
    SEQUENCE NAME public.tb_contracts_id_seq
    START WITH 1
    INCREMENT BY 1
    NO MINVALUE
    NO MAXVALUE
    CACHE 1
);


--
-- TOC entry 230 (class 1259 OID 17909)
-- Name: tb_group_users; Type: TABLE; Schema: public; Owner: postgres
--

CREATE TABLE public.tb_group_users (
    id bigint NOT NULL,
    created_at timestamp with time zone NOT NULL,
    updated_at timestamp with time zone NOT NULL,
    user_id bigint,
    group_id bigint
);


ALTER TABLE public.tb_group_users OWNER TO postgres;

--
-- TOC entry 257 (class 1259 OID 18334)
-- Name: tb_groups; Type: TABLE; Schema: public; Owner: postgres
--

CREATE TABLE public.tb_groups (
    id bigint NOT NULL,
    name character varying(50) NOT NULL,
    description text,
    created_at timestamp with time zone NOT NULL,
    updated_at timestamp with time zone NOT NULL,
    user_at_id bigint
);


ALTER TABLE public.tb_groups OWNER TO postgres;

--
-- TOC entry 229 (class 1259 OID 17908)
-- Name: tb_groups_id_seq; Type: SEQUENCE; Schema: public; Owner: postgres
--

ALTER TABLE public.tb_group_users ALTER COLUMN id ADD GENERATED BY DEFAULT AS IDENTITY (
    SEQUENCE NAME public.tb_groups_id_seq
    START WITH 1
    INCREMENT BY 1
    NO MINVALUE
    NO MAXVALUE
    CACHE 1
);


--
-- TOC entry 256 (class 1259 OID 18333)
-- Name: tb_groups_id_seq1; Type: SEQUENCE; Schema: public; Owner: postgres
--

ALTER TABLE public.tb_groups ALTER COLUMN id ADD GENERATED BY DEFAULT AS IDENTITY (
    SEQUENCE NAME public.tb_groups_id_seq1
    START WITH 1
    INCREMENT BY 1
    NO MINVALUE
    NO MAXVALUE
    CACHE 1
);


--
-- TOC entry 259 (class 1259 OID 18358)
-- Name: tb_ministeries; Type: TABLE; Schema: public; Owner: postgres
--

CREATE TABLE public.tb_ministeries (
    id bigint NOT NULL,
    name character varying(100) NOT NULL,
    acronym character varying(100) NOT NULL,
    created_at timestamp with time zone NOT NULL,
    updated_at timestamp with time zone NOT NULL,
    user_at_id bigint
);


ALTER TABLE public.tb_ministeries OWNER TO postgres;

--
-- TOC entry 258 (class 1259 OID 18357)
-- Name: tb_ministeries_id_seq; Type: SEQUENCE; Schema: public; Owner: postgres
--

ALTER TABLE public.tb_ministeries ALTER COLUMN id ADD GENERATED BY DEFAULT AS IDENTITY (
    SEQUENCE NAME public.tb_ministeries_id_seq
    START WITH 1
    INCREMENT BY 1
    NO MINVALUE
    NO MAXVALUE
    CACHE 1
);


--
-- TOC entry 232 (class 1259 OID 17922)
-- Name: tb_municipalities; Type: TABLE; Schema: public; Owner: postgres
--

CREATE TABLE public.tb_municipalities (
    id bigint NOT NULL,
    name character varying(100) NOT NULL,
    province_id bigint NOT NULL
);


ALTER TABLE public.tb_municipalities OWNER TO postgres;

--
-- TOC entry 231 (class 1259 OID 17921)
-- Name: tb_municipalities_id_seq; Type: SEQUENCE; Schema: public; Owner: postgres
--

ALTER TABLE public.tb_municipalities ALTER COLUMN id ADD GENERATED BY DEFAULT AS IDENTITY (
    SEQUENCE NAME public.tb_municipalities_id_seq
    START WITH 1
    INCREMENT BY 1
    NO MINVALUE
    NO MAXVALUE
    CACHE 1
);


--
-- TOC entry 250 (class 1259 OID 18091)
-- Name: tb_offer_status; Type: TABLE; Schema: public; Owner: postgres
--

CREATE TABLE public.tb_offer_status (
    id bigint NOT NULL,
    status character varying(20) NOT NULL,
    date_register timestamp with time zone NOT NULL,
    observation text,
    created_at timestamp with time zone NOT NULL,
    updated_at timestamp with time zone NOT NULL,
    contract_id bigint NOT NULL,
    offer_id bigint NOT NULL,
    user_at_id bigint
);


ALTER TABLE public.tb_offer_status OWNER TO postgres;

--
-- TOC entry 249 (class 1259 OID 18090)
-- Name: tb_offer_status_id_seq; Type: SEQUENCE; Schema: public; Owner: postgres
--

ALTER TABLE public.tb_offer_status ALTER COLUMN id ADD GENERATED BY DEFAULT AS IDENTITY (
    SEQUENCE NAME public.tb_offer_status_id_seq
    START WITH 1
    INCREMENT BY 1
    NO MINVALUE
    NO MAXVALUE
    CACHE 1
);


--
-- TOC entry 248 (class 1259 OID 18081)
-- Name: tb_offers; Type: TABLE; Schema: public; Owner: postgres
--

CREATE TABLE public.tb_offers (
    id bigint NOT NULL,
    number character varying(8) NOT NULL,
    value_cup double precision,
    value_usd double precision,
    observation text,
    date_elaboration timestamp with time zone NOT NULL,
    date_client_receiving timestamp with time zone NOT NULL,
    date_approved timestamp with time zone NOT NULL,
    date_receiving timestamp with time zone NOT NULL,
    created_at timestamp with time zone NOT NULL,
    updated_at timestamp with time zone NOT NULL,
    client_id bigint NOT NULL,
    contract_id bigint NOT NULL,
    service_id bigint NOT NULL,
    user_at_id bigint,
    user_client_receiving_id bigint,
    user_receiving_id bigint
);


ALTER TABLE public.tb_offers OWNER TO postgres;

--
-- TOC entry 247 (class 1259 OID 18080)
-- Name: tb_offers_id_seq; Type: SEQUENCE; Schema: public; Owner: postgres
--

ALTER TABLE public.tb_offers ALTER COLUMN id ADD GENERATED BY DEFAULT AS IDENTITY (
    SEQUENCE NAME public.tb_offers_id_seq
    START WITH 1
    INCREMENT BY 1
    NO MINVALUE
    NO MAXVALUE
    CACHE 1
);


--
-- TOC entry 252 (class 1259 OID 18101)
-- Name: tb_orders; Type: TABLE; Schema: public; Owner: postgres
--

CREATE TABLE public.tb_orders (
    id bigint NOT NULL,
    number character varying(8) NOT NULL,
    description text,
    date_elaboration timestamp with time zone NOT NULL,
    date_receiving timestamp with time zone NOT NULL,
    date_approved timestamp with time zone NOT NULL,
    created_at timestamp with time zone NOT NULL,
    updated_at timestamp with time zone NOT NULL,
    contract_id bigint NOT NULL,
    user_at_id bigint
);


ALTER TABLE public.tb_orders OWNER TO postgres;

--
-- TOC entry 251 (class 1259 OID 18100)
-- Name: tb_orders_id_seq; Type: SEQUENCE; Schema: public; Owner: postgres
--

ALTER TABLE public.tb_orders ALTER COLUMN id ADD GENERATED BY DEFAULT AS IDENTITY (
    SEQUENCE NAME public.tb_orders_id_seq
    START WITH 1
    INCREMENT BY 1
    NO MINVALUE
    NO MAXVALUE
    CACHE 1
);


--
-- TOC entry 220 (class 1259 OID 17866)
-- Name: tb_provinces; Type: TABLE; Schema: public; Owner: postgres
--

CREATE TABLE public.tb_provinces (
    id bigint NOT NULL,
    name character varying(100) NOT NULL
);


ALTER TABLE public.tb_provinces OWNER TO postgres;

--
-- TOC entry 219 (class 1259 OID 17865)
-- Name: tb_provinces_id_seq; Type: SEQUENCE; Schema: public; Owner: postgres
--

ALTER TABLE public.tb_provinces ALTER COLUMN id ADD GENERATED BY DEFAULT AS IDENTITY (
    SEQUENCE NAME public.tb_provinces_id_seq
    START WITH 1
    INCREMENT BY 1
    NO MINVALUE
    NO MAXVALUE
    CACHE 1
);


--
-- TOC entry 234 (class 1259 OID 17928)
-- Name: tb_salary_scales; Type: TABLE; Schema: public; Owner: postgres
--

CREATE TABLE public.tb_salary_scales (
    id bigint NOT NULL,
    number character varying(3) NOT NULL,
    salary double precision NOT NULL,
    description text,
    created_at timestamp with time zone NOT NULL,
    updated_at timestamp with time zone NOT NULL,
    user_at_id bigint
);


ALTER TABLE public.tb_salary_scales OWNER TO postgres;

--
-- TOC entry 233 (class 1259 OID 17927)
-- Name: tb_salary_scales_id_seq; Type: SEQUENCE; Schema: public; Owner: postgres
--

ALTER TABLE public.tb_salary_scales ALTER COLUMN id ADD GENERATED BY DEFAULT AS IDENTITY (
    SEQUENCE NAME public.tb_salary_scales_id_seq
    START WITH 1
    INCREMENT BY 1
    NO MINVALUE
    NO MAXVALUE
    CACHE 1
);


--
-- TOC entry 236 (class 1259 OID 17946)
-- Name: tb_service_types; Type: TABLE; Schema: public; Owner: postgres
--

CREATE TABLE public.tb_service_types (
    id bigint NOT NULL,
    name character varying(100) NOT NULL,
    value_cup double precision,
    value_usd double precision,
    description text,
    created_at timestamp with time zone NOT NULL,
    updated_at timestamp with time zone NOT NULL,
    user_at_id bigint
);


ALTER TABLE public.tb_service_types OWNER TO postgres;

--
-- TOC entry 235 (class 1259 OID 17945)
-- Name: tb_service_types_id_seq; Type: SEQUENCE; Schema: public; Owner: postgres
--

ALTER TABLE public.tb_service_types ALTER COLUMN id ADD GENERATED BY DEFAULT AS IDENTITY (
    SEQUENCE NAME public.tb_service_types_id_seq
    START WITH 1
    INCREMENT BY 1
    NO MINVALUE
    NO MAXVALUE
    CACHE 1
);


--
-- TOC entry 254 (class 1259 OID 18111)
-- Name: tb_servicies; Type: TABLE; Schema: public; Owner: postgres
--

CREATE TABLE public.tb_servicies (
    id bigint NOT NULL,
    title character varying(100) NOT NULL,
    number character varying(8) NOT NULL,
    first_name character varying(50),
    last_name character varying(50),
    company_position character varying(80),
    email character varying(80),
    telephone character varying(80),
    description text,
    date_receiving timestamp with time zone NOT NULL,
    date_approved timestamp with time zone,
    date_assigned timestamp with time zone,
    created_at timestamp with time zone NOT NULL,
    updated_at timestamp with time zone NOT NULL,
    client_id bigint,
    user_approved_id bigint,
    user_assigned_id bigint,
    user_at_id bigint,
    user_receiving_id bigint NOT NULL
);


ALTER TABLE public.tb_servicies OWNER TO postgres;

--
-- TOC entry 253 (class 1259 OID 18110)
-- Name: tb_servicies_id_seq; Type: SEQUENCE; Schema: public; Owner: postgres
--

ALTER TABLE public.tb_servicies ALTER COLUMN id ADD GENERATED BY DEFAULT AS IDENTITY (
    SEQUENCE NAME public.tb_servicies_id_seq
    START WITH 1
    INCREMENT BY 1
    NO MINVALUE
    NO MAXVALUE
    CACHE 1
);


--
-- TOC entry 222 (class 1259 OID 17872)
-- Name: tb_users; Type: TABLE; Schema: public; Owner: postgres
--

CREATE TABLE public.tb_users (
    id bigint NOT NULL,
    password character varying(128) NOT NULL,
    last_login timestamp with time zone,
    is_superuser boolean NOT NULL,
    username character varying(150) NOT NULL,
    is_staff boolean NOT NULL,
    is_active boolean NOT NULL,
    date_joined timestamp with time zone NOT NULL,
    first_name character varying(50) NOT NULL,
    last_name character varying(50) NOT NULL,
    role smallint,
    email character varying(80) NOT NULL,
    telephone character varying(80) NOT NULL,
    created_at timestamp with time zone NOT NULL,
    updated_at timestamp with time zone NOT NULL,
    company_position_id bigint,
    salary_scale_id bigint
);


ALTER TABLE public.tb_users OWNER TO postgres;

--
-- TOC entry 224 (class 1259 OID 17884)
-- Name: tb_users_groups; Type: TABLE; Schema: public; Owner: postgres
--

CREATE TABLE public.tb_users_groups (
    id bigint NOT NULL,
    customuser_id bigint NOT NULL,
    group_id integer NOT NULL
);


ALTER TABLE public.tb_users_groups OWNER TO postgres;

--
-- TOC entry 223 (class 1259 OID 17883)
-- Name: tb_users_groups_id_seq; Type: SEQUENCE; Schema: public; Owner: postgres
--

ALTER TABLE public.tb_users_groups ALTER COLUMN id ADD GENERATED BY DEFAULT AS IDENTITY (
    SEQUENCE NAME public.tb_users_groups_id_seq
    START WITH 1
    INCREMENT BY 1
    NO MINVALUE
    NO MAXVALUE
    CACHE 1
);


--
-- TOC entry 221 (class 1259 OID 17871)
-- Name: tb_users_id_seq; Type: SEQUENCE; Schema: public; Owner: postgres
--

ALTER TABLE public.tb_users ALTER COLUMN id ADD GENERATED BY DEFAULT AS IDENTITY (
    SEQUENCE NAME public.tb_users_id_seq
    START WITH 1
    INCREMENT BY 1
    NO MINVALUE
    NO MAXVALUE
    CACHE 1
);


--
-- TOC entry 226 (class 1259 OID 17890)
-- Name: tb_users_user_permissions; Type: TABLE; Schema: public; Owner: postgres
--

CREATE TABLE public.tb_users_user_permissions (
    id bigint NOT NULL,
    customuser_id bigint NOT NULL,
    permission_id integer NOT NULL
);


ALTER TABLE public.tb_users_user_permissions OWNER TO postgres;

--
-- TOC entry 225 (class 1259 OID 17889)
-- Name: tb_users_user_permissions_id_seq; Type: SEQUENCE; Schema: public; Owner: postgres
--

ALTER TABLE public.tb_users_user_permissions ALTER COLUMN id ADD GENERATED BY DEFAULT AS IDENTITY (
    SEQUENCE NAME public.tb_users_user_permissions_id_seq
    START WITH 1
    INCREMENT BY 1
    NO MINVALUE
    NO MAXVALUE
    CACHE 1
);


--
-- TOC entry 3651 (class 0 OID 17826)
-- Dependencies: 216
-- Data for Name: auth_group; Type: TABLE DATA; Schema: public; Owner: postgres
--

COPY public.auth_group (id, name) FROM stdin;
\.


--
-- TOC entry 3653 (class 0 OID 17834)
-- Dependencies: 218
-- Data for Name: auth_group_permissions; Type: TABLE DATA; Schema: public; Owner: postgres
--

COPY public.auth_group_permissions (id, group_id, permission_id) FROM stdin;
\.


--
-- TOC entry 3649 (class 0 OID 17820)
-- Dependencies: 214
-- Data for Name: auth_permission; Type: TABLE DATA; Schema: public; Owner: postgres
--

COPY public.auth_permission (id, name, content_type_id, codename) FROM stdin;
1	Can add log entry	1	add_logentry
2	Can change log entry	1	change_logentry
3	Can delete log entry	1	delete_logentry
4	Can view log entry	1	view_logentry
5	Can add permission	2	add_permission
6	Can change permission	2	change_permission
7	Can delete permission	2	delete_permission
8	Can view permission	2	view_permission
9	Can add group	3	add_group
10	Can change group	3	change_group
11	Can delete group	3	delete_group
12	Can view group	3	view_group
13	Can add content type	4	add_contenttype
14	Can change content type	4	change_contenttype
15	Can delete content type	4	delete_contenttype
16	Can view content type	4	view_contenttype
17	Can add session	5	add_session
18	Can change session	5	change_session
19	Can delete session	5	delete_session
20	Can view session	5	view_session
21	Can add province	6	add_province
22	Can change province	6	change_province
23	Can delete province	6	delete_province
24	Can view province	6	view_province
25	Can add custom user	7	add_customuser
26	Can change custom user	7	change_customuser
27	Can delete custom user	7	delete_customuser
28	Can view custom user	7	view_customuser
29	Can add company position	8	add_companyposition
30	Can change company position	8	change_companyposition
31	Can delete company position	8	delete_companyposition
32	Can view company position	8	view_companyposition
33	Can add group user	9	add_groupuser
34	Can change group user	9	change_groupuser
35	Can delete group user	9	delete_groupuser
36	Can view group user	9	view_groupuser
37	Can add municipality	10	add_municipality
38	Can change municipality	10	change_municipality
39	Can delete municipality	10	delete_municipality
40	Can view municipality	10	view_municipality
41	Can add salary scale	11	add_salaryscale
42	Can change salary scale	11	change_salaryscale
43	Can delete salary scale	11	delete_salaryscale
44	Can view salary scale	11	view_salaryscale
45	Can add service type	12	add_servicetype
46	Can change service type	12	change_servicetype
47	Can delete service type	12	delete_servicetype
48	Can view service type	12	view_servicetype
49	Can add client	13	add_client
50	Can change client	13	change_client
51	Can delete client	13	delete_client
52	Can view client	13	view_client
53	Can add contract	14	add_contract
54	Can change contract	14	change_contract
55	Can delete contract	14	delete_contract
56	Can view contract	14	view_contract
57	Can add contract service	15	add_contractservice
58	Can change contract service	15	change_contractservice
59	Can delete contract service	15	delete_contractservice
60	Can view contract service	15	view_contractservice
61	Can add contract status	16	add_contractstatus
62	Can change contract status	16	change_contractstatus
63	Can delete contract status	16	delete_contractstatus
64	Can view contract status	16	view_contractstatus
65	Can add offer	17	add_offer
66	Can change offer	17	change_offer
67	Can delete offer	17	delete_offer
68	Can view offer	17	view_offer
69	Can add offer status	18	add_offerstatus
70	Can change offer status	18	change_offerstatus
71	Can delete offer status	18	delete_offerstatus
72	Can view offer status	18	view_offerstatus
73	Can add order	19	add_order
74	Can change order	19	change_order
75	Can delete order	19	delete_order
76	Can view order	19	view_order
77	Can add service request	20	add_servicerequest
78	Can change service request	20	change_servicerequest
79	Can delete service request	20	delete_servicerequest
80	Can view service request	20	view_servicerequest
81	Can add group	21	add_group
82	Can change group	21	change_group
83	Can delete group	21	delete_group
84	Can view group	21	view_group
85	Can add ministery	22	add_ministery
86	Can change ministery	22	change_ministery
87	Can delete ministery	22	delete_ministery
88	Can view ministery	22	view_ministery
89	Can add ministry	23	add_ministry
90	Can change ministry	23	change_ministry
91	Can delete ministry	23	delete_ministry
92	Can view ministry	23	view_ministry
\.


--
-- TOC entry 3673 (class 0 OID 18018)
-- Dependencies: 238
-- Data for Name: django_admin_log; Type: TABLE DATA; Schema: public; Owner: postgres
--

COPY public.django_admin_log (id, action_time, object_id, object_repr, action_flag, change_message, content_type_id, user_id) FROM stdin;
\.


--
-- TOC entry 3647 (class 0 OID 17812)
-- Dependencies: 212
-- Data for Name: django_content_type; Type: TABLE DATA; Schema: public; Owner: postgres
--

COPY public.django_content_type (id, app_label, model) FROM stdin;
1	admin	logentry
2	auth	permission
3	auth	group
4	contenttypes	contenttype
5	sessions	session
6	settings	province
7	settings	customuser
8	settings	companyposition
9	settings	groupuser
10	settings	municipality
11	settings	salaryscale
12	settings	servicetype
13	contracts	client
14	contracts	contract
15	contracts	contractservice
16	contracts	contractstatus
17	contracts	offer
18	contracts	offerstatus
19	contracts	order
20	contracts	servicerequest
21	settings	group
22	settings	ministery
23	settings	ministry
\.


--
-- TOC entry 3645 (class 0 OID 17804)
-- Dependencies: 210
-- Data for Name: django_migrations; Type: TABLE DATA; Schema: public; Owner: postgres
--

COPY public.django_migrations (id, app, name, applied) FROM stdin;
1	contenttypes	0001_initial	2023-12-05 13:36:55.404506-06
2	contenttypes	0002_remove_content_type_name	2023-12-05 13:36:55.418517-06
3	auth	0001_initial	2023-12-05 13:36:55.467364-06
4	auth	0002_alter_permission_name_max_length	2023-12-05 13:36:55.470364-06
5	auth	0003_alter_user_email_max_length	2023-12-05 13:36:55.475383-06
6	auth	0004_alter_user_username_opts	2023-12-05 13:36:55.478382-06
7	auth	0005_alter_user_last_login_null	2023-12-05 13:36:55.483973-06
8	auth	0006_require_contenttypes_0002	2023-12-05 13:36:55.485974-06
9	auth	0007_alter_validators_add_error_messages	2023-12-05 13:36:55.490994-06
10	auth	0008_alter_user_username_max_length	2023-12-05 13:36:55.494977-06
11	auth	0009_alter_user_last_name_max_length	2023-12-05 13:36:55.500312-06
12	auth	0010_alter_group_name_max_length	2023-12-05 13:36:55.508421-06
13	auth	0011_update_proxy_permissions	2023-12-05 13:36:55.513348-06
14	auth	0012_alter_user_first_name_max_length	2023-12-05 13:36:55.51736-06
15	settings	0001_initial	2023-12-05 13:36:55.673263-06
16	admin	0001_initial	2023-12-05 13:36:55.698487-06
17	admin	0002_logentry_remove_auto_add	2023-12-05 13:36:55.707014-06
18	admin	0003_logentry_add_action_flag_choices	2023-12-05 13:36:55.714023-06
19	contracts	0001_initial	2023-12-05 13:36:55.807881-06
20	contracts	0002_initial	2023-12-05 13:36:56.164927-06
21	sessions	0001_initial	2023-12-05 13:36:56.173546-06
22	settings	0002_remove_customuser_groupuser_and_more	2023-12-05 13:45:38.449219-06
23	settings	0003_alter_servicetype_name_ministery	2023-12-06 07:27:25.08876-06
24	contracts	0003_alter_client_ministry	2023-12-06 11:19:44.34211-06
25	contracts	0004_client_account_cup_client_account_usd_client_bank_and_more	2023-12-07 09:36:51.402406-06
\.


--
-- TOC entry 3690 (class 0 OID 18318)
-- Dependencies: 255
-- Data for Name: django_session; Type: TABLE DATA; Schema: public; Owner: postgres
--

COPY public.django_session (session_key, session_data, expire_date) FROM stdin;
yezy6ttv5acd8vt6orwjgj4w7acddjlo	eyJwcm92aW5jZV9pZCI6MywiY2xpZW50X2lkIjoxfQ:1rBH06:TC3RXbHwH1OypHtp7HQUBdXWGH5bW2HOHlizjg62dBU	2023-12-21 10:13:22.674859-06
\.


--
-- TOC entry 3675 (class 0 OID 18039)
-- Dependencies: 240
-- Data for Name: tb_clients; Type: TABLE DATA; Schema: public; Owner: postgres
--

COPY public.tb_clients (id, type, name, acronym, first_name, last_name, company_position, address, email, telephone, description, ministry_id, created_at, updated_at, municipality_id, province_id, user_at_id, account_cup, account_usd, bank, bank_branch) FROM stdin;
1	EES	Empresa X	XXX	Juan	Triana	Gerente de Financiero	La casa rosada	admin@desarrollo.local	59938698		1	2023-12-06 10:53:08.775802-06	2023-12-07 09:52:10.252907-06	26	3	\N	12234556778989	123456678989	BM	2345
\.


--
-- TOC entry 3663 (class 0 OID 17896)
-- Dependencies: 228
-- Data for Name: tb_company_positions; Type: TABLE DATA; Schema: public; Owner: postgres
--

COPY public.tb_company_positions (id, title, salary, description, created_at, updated_at, user_at_id, salary_scale_id) FROM stdin;
\.


--
-- TOC entry 3679 (class 0 OID 18063)
-- Dependencies: 244
-- Data for Name: tb_contract_services; Type: TABLE DATA; Schema: public; Owner: postgres
--

COPY public.tb_contract_services (id, description, value_cup, value_usd, created_at, updated_at, client_id, contract_id, service_id, user_at_id) FROM stdin;
\.


--
-- TOC entry 3681 (class 0 OID 18071)
-- Dependencies: 246
-- Data for Name: tb_contract_status; Type: TABLE DATA; Schema: public; Owner: postgres
--

COPY public.tb_contract_status (id, status, date_register, observation, created_at, updated_at, contract_id, user_at_id) FROM stdin;
\.


--
-- TOC entry 3677 (class 0 OID 18053)
-- Dependencies: 242
-- Data for Name: tb_contracts; Type: TABLE DATA; Schema: public; Owner: postgres
--

COPY public.tb_contracts (id, type, number, title, value_cup, value_usd, date_elaboration, date_receiving, date_circulation, date_committed_presentation, date_committed_approved, date_client_signature, date_approved, date_start, date_end, description, observation, created_at, updated_at, client_id, contract_id, user_at_id, user_manager_id, user_receiving_id, service_id) FROM stdin;
\.


--
-- TOC entry 3665 (class 0 OID 17909)
-- Dependencies: 230
-- Data for Name: tb_group_users; Type: TABLE DATA; Schema: public; Owner: postgres
--

COPY public.tb_group_users (id, created_at, updated_at, user_id, group_id) FROM stdin;
\.


--
-- TOC entry 3692 (class 0 OID 18334)
-- Dependencies: 257
-- Data for Name: tb_groups; Type: TABLE DATA; Schema: public; Owner: postgres
--

COPY public.tb_groups (id, name, description, created_at, updated_at, user_at_id) FROM stdin;
\.


--
-- TOC entry 3694 (class 0 OID 18358)
-- Dependencies: 259
-- Data for Name: tb_ministeries; Type: TABLE DATA; Schema: public; Owner: postgres
--

COPY public.tb_ministeries (id, name, acronym, created_at, updated_at, user_at_id) FROM stdin;
1	Ministerio de Ciencia, Tecnología y Medio Ambiente	CITMA	2023-12-06 11:27:47-06	2023-12-06 11:28:04-06	1
2	Instituto Nacional de Recursos Hidráulicos	INRI	2023-12-06 11:28:35-06	2023-12-06 11:28:38-06	1
3	Ministerio de Economía y Planificación	MEP	2023-12-06 11:29:17-06	2023-12-06 11:29:19-06	1
4	Ministerio de Educación Superior	MES	2023-12-06 11:29:47-06	2023-12-06 11:29:50-06	1
5	Ministerio de la Construcción	MICONS	2023-12-06 11:30:09-06	2023-12-06 11:30:12-06	1
6	Ministerio de Comercio Interior	MINCIN	2023-12-06 11:30:37-06	2023-12-06 11:30:40-06	1
7	Ministerio de Cultura	MINCULT	2023-12-06 11:31:00-06	2023-12-06 11:31:03-06	1
8	Ministerio de las Comunicaciones	MINCOM	2023-12-06 11:31:28-06	2023-12-06 11:31:32-06	1
9	Ministerio de Educación	MINED	2023-12-06 11:32:14-06	2023-12-06 11:32:18-06	1
10	Ministerio del Interior	MININT	2023-12-06 11:32:36-06	2023-12-06 11:32:39-06	1
11	Ministerio de Justicia	MINJUS	2023-12-06 11:32:58-06	2023-12-06 11:33:01-06	1
12	Ministerio de Relaciones Exteriores	MINREX	2023-12-06 11:33:22-06	2023-12-06 11:33:24-06	1
13	Ministerio de Turismo	MINTUR	2023-12-06 11:33:41-06	2023-12-06 11:33:44-06	1
14	Ministerio del Transporte	MITRANS	2023-12-06 11:34:03-06	2023-12-06 11:34:06-06	1
\.


--
-- TOC entry 3667 (class 0 OID 17922)
-- Dependencies: 232
-- Data for Name: tb_municipalities; Type: TABLE DATA; Schema: public; Owner: postgres
--

COPY public.tb_municipalities (id, name, province_id) FROM stdin;
1	Pinar del Río	1
2	Consolación del Sur	1
3	San Juan y Martínez	1
4	Los Palacios	1
5	Sandino	1
6	Guane	1
7	La Palma	1
8	San Luis	1
9	Minas de Matahambre	1
10	Viñales	1
11	Mantua	1
12	Artemisa	2
13	San Cristóbal	2
14	San Antonio de los Baños	2
15	Bauta	2
16	Bahía Honda	2
17	Mariel	2
18	Caimito	2
19	Güira de Melena	2
20	Alquízar	2
21	Guanajay	2
22	Candelaria	2
23	Diez de Octubre	3
24	Arroyo Naranjo	3
25	Boyeros	3
26	Playa	3
27	Habana del Este	3
28	San Miguel del Padrón	3
29	Plaza de la Revolución	3
30	Centro Habana	3
31	Marianao	3
32	La Lisa	3
33	Cerro	3
34	Guanabacoa	3
35	Habana Vieja	3
36	Cotorro	3
37	Regla	3
38	San José de las Lajas	4
39	Güines	4
40	Santa Cruz del Norte	4
41	Madruga	4
42	Quivicán	4
43	Bejucal	4
44	Batabanó	4
45	Jaruco	4
46	Nueva Paz	4
47	San Nicolás de Bari	4
48	Melena del Sur	4
49	Matanzas	5
50	Cárdenas	5
51	Colón	5
52	Jagüey Grande	5
53	Jovellanos	5
54	Unión de Reyes	5
55	Pedro Betancourt	5
56	Perico	5
57	Calimete	5
58	Limonar	5
59	Los Arabos	5
60	Marti	5
61	Ciénaga de Zapata	5
62	Cienfuegos 	6
63	Cumanayagua	6
64	Rodas	6
65	Palmira	6
66	Aguada de Pasajeros	6
67	Cruces	6
68	Abreus	6
69	Laja	6
70	Santa Clara 	7
71	Manicaragua	7
72	Placetas	7
73	Camajuaní	7
74	Ranchuelo	7
75	Sagua la Grande	7
76	Santo Domingo 	7
77	Remedios	7
78	Caibarién	7
79	Encrucijada	7
80	Cifuentes 	7
81	Corralillo	7
82	Quemado de Güines	7
83	Sancti Spíritus 	8
84	Trinidad	8
85	Cabaiguán	8
86	Yaguajay	8
87	Jatibonico	8
88	Taguasco	8
89	Fomento	8
90	La Sierpe	8
91	Ciego de Ávila	9
92	Morón	9
93	Chambas	9
94	Baraguá	9
95	Ciro Redondo	9
96	Primero de Enero	9
97	Venezuela	9
98	Majagua	9
99	Florencia	9
100	Bolivia	9
101	Camagüey	10
102	Florida	10
103	Guáimaro	10
104	Vertientes	10
105	Santa Cruz del Sur	10
106	Nuevitas	10
107	Minas	10
108	Sibanicú	10
109	Esmeralda	10
110	Carlos Manuel de Céspedes	10
111	Jimaguayú	10
112	Sierra de Cubitas	10
113	Najasa	10
114	Las Tunas	11
115	Puerto Padre	11
116	Jesús Menéndez	11
117	Jobabo	11
118	Majibacoa	11
119	Amancio	11
120	Colombia	11
121	Manatí 	11
122	Holguín	12
123	Mayarí	12
124	Banes	12
125	Moa	12
126	Gibara	12
127	Calixto García	12
128	Báguanos	12
129	Rafael Freyre	12
130	Sagua de Tánamo	12
131	Urbano Noris	12
132	Cacocúm	12
133	Cueto	12
134	Frank País	12
135	Antilla	12
136	Bayamo	13
137	Manzanillo	13
138	Jiguaní	13
139	Yara	13
140	Bartolomé Masó	13
141	Guisa	13
142	Río Cauto	13
143	Campechuela	13
144	Niquero	13
145	Media Luna	13
146	Buey Arriba	13
147	Pilón	13
148	Cauto Cristo	13
149	Santiago de Cuba	14
150	Palma Soriano	14
151	Contramaestre	14
152	Songo - La Maya	14
153	San Luis	14
154	Segundo Frente	14
155	Mella	14
156	Guamá	14
157	Tercer Frente	14
158	Guantánamo	15
159	Baracoa	15
160	El Salvador	15
161	Maisí	15
162	San Antonio del Sur	15
163	Imías	15
164	Yateras	15
165	Niceto Pérez	15
166	Manuel Tames	15
167	Caimanera	15
\.


--
-- TOC entry 3685 (class 0 OID 18091)
-- Dependencies: 250
-- Data for Name: tb_offer_status; Type: TABLE DATA; Schema: public; Owner: postgres
--

COPY public.tb_offer_status (id, status, date_register, observation, created_at, updated_at, contract_id, offer_id, user_at_id) FROM stdin;
\.


--
-- TOC entry 3683 (class 0 OID 18081)
-- Dependencies: 248
-- Data for Name: tb_offers; Type: TABLE DATA; Schema: public; Owner: postgres
--

COPY public.tb_offers (id, number, value_cup, value_usd, observation, date_elaboration, date_client_receiving, date_approved, date_receiving, created_at, updated_at, client_id, contract_id, service_id, user_at_id, user_client_receiving_id, user_receiving_id) FROM stdin;
\.


--
-- TOC entry 3687 (class 0 OID 18101)
-- Dependencies: 252
-- Data for Name: tb_orders; Type: TABLE DATA; Schema: public; Owner: postgres
--

COPY public.tb_orders (id, number, description, date_elaboration, date_receiving, date_approved, created_at, updated_at, contract_id, user_at_id) FROM stdin;
\.


--
-- TOC entry 3655 (class 0 OID 17866)
-- Dependencies: 220
-- Data for Name: tb_provinces; Type: TABLE DATA; Schema: public; Owner: postgres
--

COPY public.tb_provinces (id, name) FROM stdin;
1	Pinar del Río
2	Artemisa
3	La Habana
4	Mayabeque
5	Matanzas
6	Cienfuegos
7	Villa Clara
8	Sancti Spiritus
9	Ciego de Avila
10	Camagüey
11	Las Tunas
12	Holguín
13	Granma
14	Santiago de Cuba
15	Guantánamo
16	Isla de la Juventud
\.


--
-- TOC entry 3669 (class 0 OID 17928)
-- Dependencies: 234
-- Data for Name: tb_salary_scales; Type: TABLE DATA; Schema: public; Owner: postgres
--

COPY public.tb_salary_scales (id, number, salary, description, created_at, updated_at, user_at_id) FROM stdin;
\.


--
-- TOC entry 3671 (class 0 OID 17946)
-- Dependencies: 236
-- Data for Name: tb_service_types; Type: TABLE DATA; Schema: public; Owner: postgres
--

COPY public.tb_service_types (id, name, value_cup, value_usd, description, created_at, updated_at, user_at_id) FROM stdin;
\.


--
-- TOC entry 3689 (class 0 OID 18111)
-- Dependencies: 254
-- Data for Name: tb_servicies; Type: TABLE DATA; Schema: public; Owner: postgres
--

COPY public.tb_servicies (id, title, number, first_name, last_name, company_position, email, telephone, description, date_receiving, date_approved, date_assigned, created_at, updated_at, client_id, user_approved_id, user_assigned_id, user_at_id, user_receiving_id) FROM stdin;
\.


--
-- TOC entry 3657 (class 0 OID 17872)
-- Dependencies: 222
-- Data for Name: tb_users; Type: TABLE DATA; Schema: public; Owner: postgres
--

COPY public.tb_users (id, password, last_login, is_superuser, username, is_staff, is_active, date_joined, first_name, last_name, role, email, telephone, created_at, updated_at, company_position_id, salary_scale_id) FROM stdin;
1	pbkdf2_sha256$720000$ioCEDtRhCD87ujZ8vLjuft$S/cjtbLhp5vHHaqYU29INj6xRkw2aHKgQslFt/Zc1yw=	\N	t	admin	t	t	2023-12-05 13:37:35.711966-06			\N	admin@desarrollo.local		2023-12-05 13:37:35.909584-06	2023-12-05 13:37:35.909584-06	\N	\N
\.


--
-- TOC entry 3659 (class 0 OID 17884)
-- Dependencies: 224
-- Data for Name: tb_users_groups; Type: TABLE DATA; Schema: public; Owner: postgres
--

COPY public.tb_users_groups (id, customuser_id, group_id) FROM stdin;
\.


--
-- TOC entry 3661 (class 0 OID 17890)
-- Dependencies: 226
-- Data for Name: tb_users_user_permissions; Type: TABLE DATA; Schema: public; Owner: postgres
--

COPY public.tb_users_user_permissions (id, customuser_id, permission_id) FROM stdin;
\.


--
-- TOC entry 3700 (class 0 OID 0)
-- Dependencies: 215
-- Name: auth_group_id_seq; Type: SEQUENCE SET; Schema: public; Owner: postgres
--

SELECT pg_catalog.setval('public.auth_group_id_seq', 1, false);


--
-- TOC entry 3701 (class 0 OID 0)
-- Dependencies: 217
-- Name: auth_group_permissions_id_seq; Type: SEQUENCE SET; Schema: public; Owner: postgres
--

SELECT pg_catalog.setval('public.auth_group_permissions_id_seq', 1, false);


--
-- TOC entry 3702 (class 0 OID 0)
-- Dependencies: 213
-- Name: auth_permission_id_seq; Type: SEQUENCE SET; Schema: public; Owner: postgres
--

SELECT pg_catalog.setval('public.auth_permission_id_seq', 92, true);


--
-- TOC entry 3703 (class 0 OID 0)
-- Dependencies: 237
-- Name: django_admin_log_id_seq; Type: SEQUENCE SET; Schema: public; Owner: postgres
--

SELECT pg_catalog.setval('public.django_admin_log_id_seq', 1, false);


--
-- TOC entry 3704 (class 0 OID 0)
-- Dependencies: 211
-- Name: django_content_type_id_seq; Type: SEQUENCE SET; Schema: public; Owner: postgres
--

SELECT pg_catalog.setval('public.django_content_type_id_seq', 23, true);


--
-- TOC entry 3705 (class 0 OID 0)
-- Dependencies: 209
-- Name: django_migrations_id_seq; Type: SEQUENCE SET; Schema: public; Owner: postgres
--

SELECT pg_catalog.setval('public.django_migrations_id_seq', 25, true);


--
-- TOC entry 3706 (class 0 OID 0)
-- Dependencies: 239
-- Name: tb_clients_id_seq; Type: SEQUENCE SET; Schema: public; Owner: postgres
--

SELECT pg_catalog.setval('public.tb_clients_id_seq', 1, true);


--
-- TOC entry 3707 (class 0 OID 0)
-- Dependencies: 227
-- Name: tb_company_positions_id_seq; Type: SEQUENCE SET; Schema: public; Owner: postgres
--

SELECT pg_catalog.setval('public.tb_company_positions_id_seq', 1, false);


--
-- TOC entry 3708 (class 0 OID 0)
-- Dependencies: 243
-- Name: tb_contract_services_id_seq; Type: SEQUENCE SET; Schema: public; Owner: postgres
--

SELECT pg_catalog.setval('public.tb_contract_services_id_seq', 1, false);


--
-- TOC entry 3709 (class 0 OID 0)
-- Dependencies: 245
-- Name: tb_contract_status_id_seq; Type: SEQUENCE SET; Schema: public; Owner: postgres
--

SELECT pg_catalog.setval('public.tb_contract_status_id_seq', 1, false);


--
-- TOC entry 3710 (class 0 OID 0)
-- Dependencies: 241
-- Name: tb_contracts_id_seq; Type: SEQUENCE SET; Schema: public; Owner: postgres
--

SELECT pg_catalog.setval('public.tb_contracts_id_seq', 1, false);


--
-- TOC entry 3711 (class 0 OID 0)
-- Dependencies: 229
-- Name: tb_groups_id_seq; Type: SEQUENCE SET; Schema: public; Owner: postgres
--

SELECT pg_catalog.setval('public.tb_groups_id_seq', 1, false);


--
-- TOC entry 3712 (class 0 OID 0)
-- Dependencies: 256
-- Name: tb_groups_id_seq1; Type: SEQUENCE SET; Schema: public; Owner: postgres
--

SELECT pg_catalog.setval('public.tb_groups_id_seq1', 1, false);


--
-- TOC entry 3713 (class 0 OID 0)
-- Dependencies: 258
-- Name: tb_ministeries_id_seq; Type: SEQUENCE SET; Schema: public; Owner: postgres
--

SELECT pg_catalog.setval('public.tb_ministeries_id_seq', 16, true);


--
-- TOC entry 3714 (class 0 OID 0)
-- Dependencies: 231
-- Name: tb_municipalities_id_seq; Type: SEQUENCE SET; Schema: public; Owner: postgres
--

SELECT pg_catalog.setval('public.tb_municipalities_id_seq', 1, false);


--
-- TOC entry 3715 (class 0 OID 0)
-- Dependencies: 249
-- Name: tb_offer_status_id_seq; Type: SEQUENCE SET; Schema: public; Owner: postgres
--

SELECT pg_catalog.setval('public.tb_offer_status_id_seq', 1, false);


--
-- TOC entry 3716 (class 0 OID 0)
-- Dependencies: 247
-- Name: tb_offers_id_seq; Type: SEQUENCE SET; Schema: public; Owner: postgres
--

SELECT pg_catalog.setval('public.tb_offers_id_seq', 1, false);


--
-- TOC entry 3717 (class 0 OID 0)
-- Dependencies: 251
-- Name: tb_orders_id_seq; Type: SEQUENCE SET; Schema: public; Owner: postgres
--

SELECT pg_catalog.setval('public.tb_orders_id_seq', 1, false);


--
-- TOC entry 3718 (class 0 OID 0)
-- Dependencies: 219
-- Name: tb_provinces_id_seq; Type: SEQUENCE SET; Schema: public; Owner: postgres
--

SELECT pg_catalog.setval('public.tb_provinces_id_seq', 1, false);


--
-- TOC entry 3719 (class 0 OID 0)
-- Dependencies: 233
-- Name: tb_salary_scales_id_seq; Type: SEQUENCE SET; Schema: public; Owner: postgres
--

SELECT pg_catalog.setval('public.tb_salary_scales_id_seq', 1, false);


--
-- TOC entry 3720 (class 0 OID 0)
-- Dependencies: 235
-- Name: tb_service_types_id_seq; Type: SEQUENCE SET; Schema: public; Owner: postgres
--

SELECT pg_catalog.setval('public.tb_service_types_id_seq', 1, false);


--
-- TOC entry 3721 (class 0 OID 0)
-- Dependencies: 253
-- Name: tb_servicies_id_seq; Type: SEQUENCE SET; Schema: public; Owner: postgres
--

SELECT pg_catalog.setval('public.tb_servicies_id_seq', 1, false);


--
-- TOC entry 3722 (class 0 OID 0)
-- Dependencies: 223
-- Name: tb_users_groups_id_seq; Type: SEQUENCE SET; Schema: public; Owner: postgres
--

SELECT pg_catalog.setval('public.tb_users_groups_id_seq', 1, false);


--
-- TOC entry 3723 (class 0 OID 0)
-- Dependencies: 221
-- Name: tb_users_id_seq; Type: SEQUENCE SET; Schema: public; Owner: postgres
--

SELECT pg_catalog.setval('public.tb_users_id_seq', 1, true);


--
-- TOC entry 3724 (class 0 OID 0)
-- Dependencies: 225
-- Name: tb_users_user_permissions_id_seq; Type: SEQUENCE SET; Schema: public; Owner: postgres
--

SELECT pg_catalog.setval('public.tb_users_user_permissions_id_seq', 1, false);


--
-- TOC entry 3302 (class 2606 OID 17863)
-- Name: auth_group auth_group_name_key; Type: CONSTRAINT; Schema: public; Owner: postgres
--

ALTER TABLE ONLY public.auth_group
    ADD CONSTRAINT auth_group_name_key UNIQUE (name);


--
-- TOC entry 3307 (class 2606 OID 17849)
-- Name: auth_group_permissions auth_group_permissions_group_id_permission_id_0cd325b0_uniq; Type: CONSTRAINT; Schema: public; Owner: postgres
--

ALTER TABLE ONLY public.auth_group_permissions
    ADD CONSTRAINT auth_group_permissions_group_id_permission_id_0cd325b0_uniq UNIQUE (group_id, permission_id);


--
-- TOC entry 3310 (class 2606 OID 17838)
-- Name: auth_group_permissions auth_group_permissions_pkey; Type: CONSTRAINT; Schema: public; Owner: postgres
--

ALTER TABLE ONLY public.auth_group_permissions
    ADD CONSTRAINT auth_group_permissions_pkey PRIMARY KEY (id);


--
-- TOC entry 3304 (class 2606 OID 17830)
-- Name: auth_group auth_group_pkey; Type: CONSTRAINT; Schema: public; Owner: postgres
--

ALTER TABLE ONLY public.auth_group
    ADD CONSTRAINT auth_group_pkey PRIMARY KEY (id);


--
-- TOC entry 3297 (class 2606 OID 17840)
-- Name: auth_permission auth_permission_content_type_id_codename_01ab375a_uniq; Type: CONSTRAINT; Schema: public; Owner: postgres
--

ALTER TABLE ONLY public.auth_permission
    ADD CONSTRAINT auth_permission_content_type_id_codename_01ab375a_uniq UNIQUE (content_type_id, codename);


--
-- TOC entry 3299 (class 2606 OID 17824)
-- Name: auth_permission auth_permission_pkey; Type: CONSTRAINT; Schema: public; Owner: postgres
--

ALTER TABLE ONLY public.auth_permission
    ADD CONSTRAINT auth_permission_pkey PRIMARY KEY (id);


--
-- TOC entry 3357 (class 2606 OID 18025)
-- Name: django_admin_log django_admin_log_pkey; Type: CONSTRAINT; Schema: public; Owner: postgres
--

ALTER TABLE ONLY public.django_admin_log
    ADD CONSTRAINT django_admin_log_pkey PRIMARY KEY (id);


--
-- TOC entry 3292 (class 2606 OID 17818)
-- Name: django_content_type django_content_type_app_label_model_76bd3d3b_uniq; Type: CONSTRAINT; Schema: public; Owner: postgres
--

ALTER TABLE ONLY public.django_content_type
    ADD CONSTRAINT django_content_type_app_label_model_76bd3d3b_uniq UNIQUE (app_label, model);


--
-- TOC entry 3294 (class 2606 OID 17816)
-- Name: django_content_type django_content_type_pkey; Type: CONSTRAINT; Schema: public; Owner: postgres
--

ALTER TABLE ONLY public.django_content_type
    ADD CONSTRAINT django_content_type_pkey PRIMARY KEY (id);


--
-- TOC entry 3290 (class 2606 OID 17810)
-- Name: django_migrations django_migrations_pkey; Type: CONSTRAINT; Schema: public; Owner: postgres
--

ALTER TABLE ONLY public.django_migrations
    ADD CONSTRAINT django_migrations_pkey PRIMARY KEY (id);


--
-- TOC entry 3439 (class 2606 OID 18324)
-- Name: django_session django_session_pkey; Type: CONSTRAINT; Schema: public; Owner: postgres
--

ALTER TABLE ONLY public.django_session
    ADD CONSTRAINT django_session_pkey PRIMARY KEY (session_key);


--
-- TOC entry 3361 (class 2606 OID 18049)
-- Name: tb_clients tb_clients_acronym_key; Type: CONSTRAINT; Schema: public; Owner: postgres
--

ALTER TABLE ONLY public.tb_clients
    ADD CONSTRAINT tb_clients_acronym_key UNIQUE (acronym);


--
-- TOC entry 3364 (class 2606 OID 18051)
-- Name: tb_clients tb_clients_address_key; Type: CONSTRAINT; Schema: public; Owner: postgres
--

ALTER TABLE ONLY public.tb_clients
    ADD CONSTRAINT tb_clients_address_key UNIQUE (address);


--
-- TOC entry 3369 (class 2606 OID 18047)
-- Name: tb_clients tb_clients_name_key; Type: CONSTRAINT; Schema: public; Owner: postgres
--

ALTER TABLE ONLY public.tb_clients
    ADD CONSTRAINT tb_clients_name_key UNIQUE (name);


--
-- TOC entry 3371 (class 2606 OID 18045)
-- Name: tb_clients tb_clients_pkey; Type: CONSTRAINT; Schema: public; Owner: postgres
--

ALTER TABLE ONLY public.tb_clients
    ADD CONSTRAINT tb_clients_pkey PRIMARY KEY (id);


--
-- TOC entry 3336 (class 2606 OID 17902)
-- Name: tb_company_positions tb_company_positions_pkey; Type: CONSTRAINT; Schema: public; Owner: postgres
--

ALTER TABLE ONLY public.tb_company_positions
    ADD CONSTRAINT tb_company_positions_pkey PRIMARY KEY (id);


--
-- TOC entry 3388 (class 2606 OID 18069)
-- Name: tb_contract_services tb_contract_services_pkey; Type: CONSTRAINT; Schema: public; Owner: postgres
--

ALTER TABLE ONLY public.tb_contract_services
    ADD CONSTRAINT tb_contract_services_pkey PRIMARY KEY (id);


--
-- TOC entry 3393 (class 2606 OID 18077)
-- Name: tb_contract_status tb_contract_status_pkey; Type: CONSTRAINT; Schema: public; Owner: postgres
--

ALTER TABLE ONLY public.tb_contract_status
    ADD CONSTRAINT tb_contract_status_pkey PRIMARY KEY (id);


--
-- TOC entry 3396 (class 2606 OID 18079)
-- Name: tb_contract_status tb_contract_status_status_key; Type: CONSTRAINT; Schema: public; Owner: postgres
--

ALTER TABLE ONLY public.tb_contract_status
    ADD CONSTRAINT tb_contract_status_status_key UNIQUE (status);


--
-- TOC entry 3378 (class 2606 OID 18061)
-- Name: tb_contracts tb_contracts_number_key; Type: CONSTRAINT; Schema: public; Owner: postgres
--

ALTER TABLE ONLY public.tb_contracts
    ADD CONSTRAINT tb_contracts_number_key UNIQUE (number);


--
-- TOC entry 3380 (class 2606 OID 18059)
-- Name: tb_contracts tb_contracts_pkey; Type: CONSTRAINT; Schema: public; Owner: postgres
--

ALTER TABLE ONLY public.tb_contracts
    ADD CONSTRAINT tb_contracts_pkey PRIMARY KEY (id);


--
-- TOC entry 3342 (class 2606 OID 17915)
-- Name: tb_group_users tb_groups_pkey; Type: CONSTRAINT; Schema: public; Owner: postgres
--

ALTER TABLE ONLY public.tb_group_users
    ADD CONSTRAINT tb_groups_pkey PRIMARY KEY (id);


--
-- TOC entry 3442 (class 2606 OID 18340)
-- Name: tb_groups tb_groups_pkey1; Type: CONSTRAINT; Schema: public; Owner: postgres
--

ALTER TABLE ONLY public.tb_groups
    ADD CONSTRAINT tb_groups_pkey1 PRIMARY KEY (id);


--
-- TOC entry 3446 (class 2606 OID 18366)
-- Name: tb_ministeries tb_ministeries_acronym_key; Type: CONSTRAINT; Schema: public; Owner: postgres
--

ALTER TABLE ONLY public.tb_ministeries
    ADD CONSTRAINT tb_ministeries_acronym_key UNIQUE (acronym);


--
-- TOC entry 3449 (class 2606 OID 18364)
-- Name: tb_ministeries tb_ministeries_name_key; Type: CONSTRAINT; Schema: public; Owner: postgres
--

ALTER TABLE ONLY public.tb_ministeries
    ADD CONSTRAINT tb_ministeries_name_key UNIQUE (name);


--
-- TOC entry 3451 (class 2606 OID 18362)
-- Name: tb_ministeries tb_ministeries_pkey; Type: CONSTRAINT; Schema: public; Owner: postgres
--

ALTER TABLE ONLY public.tb_ministeries
    ADD CONSTRAINT tb_ministeries_pkey PRIMARY KEY (id);


--
-- TOC entry 3344 (class 2606 OID 17926)
-- Name: tb_municipalities tb_municipalities_pkey; Type: CONSTRAINT; Schema: public; Owner: postgres
--

ALTER TABLE ONLY public.tb_municipalities
    ADD CONSTRAINT tb_municipalities_pkey PRIMARY KEY (id);


--
-- TOC entry 3412 (class 2606 OID 18097)
-- Name: tb_offer_status tb_offer_status_pkey; Type: CONSTRAINT; Schema: public; Owner: postgres
--

ALTER TABLE ONLY public.tb_offer_status
    ADD CONSTRAINT tb_offer_status_pkey PRIMARY KEY (id);


--
-- TOC entry 3415 (class 2606 OID 18099)
-- Name: tb_offer_status tb_offer_status_status_key; Type: CONSTRAINT; Schema: public; Owner: postgres
--

ALTER TABLE ONLY public.tb_offer_status
    ADD CONSTRAINT tb_offer_status_status_key UNIQUE (status);


--
-- TOC entry 3402 (class 2606 OID 18089)
-- Name: tb_offers tb_offers_number_key; Type: CONSTRAINT; Schema: public; Owner: postgres
--

ALTER TABLE ONLY public.tb_offers
    ADD CONSTRAINT tb_offers_number_key UNIQUE (number);


--
-- TOC entry 3404 (class 2606 OID 18087)
-- Name: tb_offers tb_offers_pkey; Type: CONSTRAINT; Schema: public; Owner: postgres
--

ALTER TABLE ONLY public.tb_offers
    ADD CONSTRAINT tb_offers_pkey PRIMARY KEY (id);


--
-- TOC entry 3420 (class 2606 OID 18109)
-- Name: tb_orders tb_orders_number_key; Type: CONSTRAINT; Schema: public; Owner: postgres
--

ALTER TABLE ONLY public.tb_orders
    ADD CONSTRAINT tb_orders_number_key UNIQUE (number);


--
-- TOC entry 3422 (class 2606 OID 18107)
-- Name: tb_orders tb_orders_pkey; Type: CONSTRAINT; Schema: public; Owner: postgres
--

ALTER TABLE ONLY public.tb_orders
    ADD CONSTRAINT tb_orders_pkey PRIMARY KEY (id);


--
-- TOC entry 3312 (class 2606 OID 17870)
-- Name: tb_provinces tb_provinces_pkey; Type: CONSTRAINT; Schema: public; Owner: postgres
--

ALTER TABLE ONLY public.tb_provinces
    ADD CONSTRAINT tb_provinces_pkey PRIMARY KEY (id);


--
-- TOC entry 3347 (class 2606 OID 17934)
-- Name: tb_salary_scales tb_salary_scales_pkey; Type: CONSTRAINT; Schema: public; Owner: postgres
--

ALTER TABLE ONLY public.tb_salary_scales
    ADD CONSTRAINT tb_salary_scales_pkey PRIMARY KEY (id);


--
-- TOC entry 3351 (class 2606 OID 18355)
-- Name: tb_service_types tb_service_types_name_71877129_uniq; Type: CONSTRAINT; Schema: public; Owner: postgres
--

ALTER TABLE ONLY public.tb_service_types
    ADD CONSTRAINT tb_service_types_name_71877129_uniq UNIQUE (name);


--
-- TOC entry 3353 (class 2606 OID 17952)
-- Name: tb_service_types tb_service_types_pkey; Type: CONSTRAINT; Schema: public; Owner: postgres
--

ALTER TABLE ONLY public.tb_service_types
    ADD CONSTRAINT tb_service_types_pkey PRIMARY KEY (id);


--
-- TOC entry 3427 (class 2606 OID 18121)
-- Name: tb_servicies tb_servicies_number_key; Type: CONSTRAINT; Schema: public; Owner: postgres
--

ALTER TABLE ONLY public.tb_servicies
    ADD CONSTRAINT tb_servicies_number_key UNIQUE (number);


--
-- TOC entry 3429 (class 2606 OID 18117)
-- Name: tb_servicies tb_servicies_pkey; Type: CONSTRAINT; Schema: public; Owner: postgres
--

ALTER TABLE ONLY public.tb_servicies
    ADD CONSTRAINT tb_servicies_pkey PRIMARY KEY (id);


--
-- TOC entry 3432 (class 2606 OID 18119)
-- Name: tb_servicies tb_servicies_title_key; Type: CONSTRAINT; Schema: public; Owner: postgres
--

ALTER TABLE ONLY public.tb_servicies
    ADD CONSTRAINT tb_servicies_title_key UNIQUE (title);


--
-- TOC entry 3316 (class 2606 OID 17882)
-- Name: tb_users tb_users_email_key; Type: CONSTRAINT; Schema: public; Owner: postgres
--

ALTER TABLE ONLY public.tb_users
    ADD CONSTRAINT tb_users_email_key UNIQUE (email);


--
-- TOC entry 3325 (class 2606 OID 17956)
-- Name: tb_users_groups tb_users_groups_customuser_id_group_id_9eba2277_uniq; Type: CONSTRAINT; Schema: public; Owner: postgres
--

ALTER TABLE ONLY public.tb_users_groups
    ADD CONSTRAINT tb_users_groups_customuser_id_group_id_9eba2277_uniq UNIQUE (customuser_id, group_id);


--
-- TOC entry 3328 (class 2606 OID 17888)
-- Name: tb_users_groups tb_users_groups_pkey; Type: CONSTRAINT; Schema: public; Owner: postgres
--

ALTER TABLE ONLY public.tb_users_groups
    ADD CONSTRAINT tb_users_groups_pkey PRIMARY KEY (id);


--
-- TOC entry 3318 (class 2606 OID 17878)
-- Name: tb_users tb_users_pkey; Type: CONSTRAINT; Schema: public; Owner: postgres
--

ALTER TABLE ONLY public.tb_users
    ADD CONSTRAINT tb_users_pkey PRIMARY KEY (id);


--
-- TOC entry 3330 (class 2606 OID 17970)
-- Name: tb_users_user_permissions tb_users_user_permission_customuser_id_permission_455bb96b_uniq; Type: CONSTRAINT; Schema: public; Owner: postgres
--

ALTER TABLE ONLY public.tb_users_user_permissions
    ADD CONSTRAINT tb_users_user_permission_customuser_id_permission_455bb96b_uniq UNIQUE (customuser_id, permission_id);


--
-- TOC entry 3334 (class 2606 OID 17894)
-- Name: tb_users_user_permissions tb_users_user_permissions_pkey; Type: CONSTRAINT; Schema: public; Owner: postgres
--

ALTER TABLE ONLY public.tb_users_user_permissions
    ADD CONSTRAINT tb_users_user_permissions_pkey PRIMARY KEY (id);


--
-- TOC entry 3322 (class 2606 OID 17880)
-- Name: tb_users tb_users_username_key; Type: CONSTRAINT; Schema: public; Owner: postgres
--

ALTER TABLE ONLY public.tb_users
    ADD CONSTRAINT tb_users_username_key UNIQUE (username);


--
-- TOC entry 3300 (class 1259 OID 17864)
-- Name: auth_group_name_a6ea08ec_like; Type: INDEX; Schema: public; Owner: postgres
--

CREATE INDEX auth_group_name_a6ea08ec_like ON public.auth_group USING btree (name varchar_pattern_ops);


--
-- TOC entry 3305 (class 1259 OID 17860)
-- Name: auth_group_permissions_group_id_b120cbf9; Type: INDEX; Schema: public; Owner: postgres
--

CREATE INDEX auth_group_permissions_group_id_b120cbf9 ON public.auth_group_permissions USING btree (group_id);


--
-- TOC entry 3308 (class 1259 OID 17861)
-- Name: auth_group_permissions_permission_id_84c5c92e; Type: INDEX; Schema: public; Owner: postgres
--

CREATE INDEX auth_group_permissions_permission_id_84c5c92e ON public.auth_group_permissions USING btree (permission_id);


--
-- TOC entry 3295 (class 1259 OID 17846)
-- Name: auth_permission_content_type_id_2f476e4b; Type: INDEX; Schema: public; Owner: postgres
--

CREATE INDEX auth_permission_content_type_id_2f476e4b ON public.auth_permission USING btree (content_type_id);


--
-- TOC entry 3355 (class 1259 OID 18036)
-- Name: django_admin_log_content_type_id_c4bce8eb; Type: INDEX; Schema: public; Owner: postgres
--

CREATE INDEX django_admin_log_content_type_id_c4bce8eb ON public.django_admin_log USING btree (content_type_id);


--
-- TOC entry 3358 (class 1259 OID 18037)
-- Name: django_admin_log_user_id_c564eba6; Type: INDEX; Schema: public; Owner: postgres
--

CREATE INDEX django_admin_log_user_id_c564eba6 ON public.django_admin_log USING btree (user_id);


--
-- TOC entry 3437 (class 1259 OID 18326)
-- Name: django_session_expire_date_a5c62663; Type: INDEX; Schema: public; Owner: postgres
--

CREATE INDEX django_session_expire_date_a5c62663 ON public.django_session USING btree (expire_date);


--
-- TOC entry 3440 (class 1259 OID 18325)
-- Name: django_session_session_key_c0390e0f_like; Type: INDEX; Schema: public; Owner: postgres
--

CREATE INDEX django_session_session_key_c0390e0f_like ON public.django_session USING btree (session_key varchar_pattern_ops);


--
-- TOC entry 3359 (class 1259 OID 18123)
-- Name: tb_clients_acronym_60e03750_like; Type: INDEX; Schema: public; Owner: postgres
--

CREATE INDEX tb_clients_acronym_60e03750_like ON public.tb_clients USING btree (acronym varchar_pattern_ops);


--
-- TOC entry 3362 (class 1259 OID 18124)
-- Name: tb_clients_address_043a0b85_like; Type: INDEX; Schema: public; Owner: postgres
--

CREATE INDEX tb_clients_address_043a0b85_like ON public.tb_clients USING btree (address varchar_pattern_ops);


--
-- TOC entry 3365 (class 1259 OID 18390)
-- Name: tb_clients_ministry_id_e8a40379; Type: INDEX; Schema: public; Owner: postgres
--

CREATE INDEX tb_clients_ministry_id_e8a40379 ON public.tb_clients USING btree (ministry_id);


--
-- TOC entry 3366 (class 1259 OID 18287)
-- Name: tb_clients_municipality_id_3c09dc8d; Type: INDEX; Schema: public; Owner: postgres
--

CREATE INDEX tb_clients_municipality_id_3c09dc8d ON public.tb_clients USING btree (municipality_id);


--
-- TOC entry 3367 (class 1259 OID 18122)
-- Name: tb_clients_name_ca6082ee_like; Type: INDEX; Schema: public; Owner: postgres
--

CREATE INDEX tb_clients_name_ca6082ee_like ON public.tb_clients USING btree (name varchar_pattern_ops);


--
-- TOC entry 3372 (class 1259 OID 18288)
-- Name: tb_clients_province_id_2717fc1a; Type: INDEX; Schema: public; Owner: postgres
--

CREATE INDEX tb_clients_province_id_2717fc1a ON public.tb_clients USING btree (province_id);


--
-- TOC entry 3373 (class 1259 OID 18289)
-- Name: tb_clients_user_at_id_7b2d2ec9; Type: INDEX; Schema: public; Owner: postgres
--

CREATE INDEX tb_clients_user_at_id_7b2d2ec9 ON public.tb_clients USING btree (user_at_id);


--
-- TOC entry 3337 (class 1259 OID 18009)
-- Name: tb_company_positions_salary_scale_id_cd68a0c4; Type: INDEX; Schema: public; Owner: postgres
--

CREATE INDEX tb_company_positions_salary_scale_id_cd68a0c4 ON public.tb_company_positions USING btree (salary_scale_id);


--
-- TOC entry 3338 (class 1259 OID 17988)
-- Name: tb_company_positions_user_at_id_6791767c; Type: INDEX; Schema: public; Owner: postgres
--

CREATE INDEX tb_company_positions_user_at_id_6791767c ON public.tb_company_positions USING btree (user_at_id);


--
-- TOC entry 3385 (class 1259 OID 18295)
-- Name: tb_contract_services_client_id_b61b61b7; Type: INDEX; Schema: public; Owner: postgres
--

CREATE INDEX tb_contract_services_client_id_b61b61b7 ON public.tb_contract_services USING btree (client_id);


--
-- TOC entry 3386 (class 1259 OID 18296)
-- Name: tb_contract_services_contract_id_462aff2b; Type: INDEX; Schema: public; Owner: postgres
--

CREATE INDEX tb_contract_services_contract_id_462aff2b ON public.tb_contract_services USING btree (contract_id);


--
-- TOC entry 3389 (class 1259 OID 18297)
-- Name: tb_contract_services_service_id_edb9db0d; Type: INDEX; Schema: public; Owner: postgres
--

CREATE INDEX tb_contract_services_service_id_edb9db0d ON public.tb_contract_services USING btree (service_id);


--
-- TOC entry 3390 (class 1259 OID 18298)
-- Name: tb_contract_services_user_at_id_f183ca31; Type: INDEX; Schema: public; Owner: postgres
--

CREATE INDEX tb_contract_services_user_at_id_f183ca31 ON public.tb_contract_services USING btree (user_at_id);


--
-- TOC entry 3391 (class 1259 OID 18299)
-- Name: tb_contract_status_contract_id_53a372e5; Type: INDEX; Schema: public; Owner: postgres
--

CREATE INDEX tb_contract_status_contract_id_53a372e5 ON public.tb_contract_status USING btree (contract_id);


--
-- TOC entry 3394 (class 1259 OID 18126)
-- Name: tb_contract_status_status_bb025351_like; Type: INDEX; Schema: public; Owner: postgres
--

CREATE INDEX tb_contract_status_status_bb025351_like ON public.tb_contract_status USING btree (status varchar_pattern_ops);


--
-- TOC entry 3397 (class 1259 OID 18300)
-- Name: tb_contract_status_user_at_id_7daf39c6; Type: INDEX; Schema: public; Owner: postgres
--

CREATE INDEX tb_contract_status_user_at_id_7daf39c6 ON public.tb_contract_status USING btree (user_at_id);


--
-- TOC entry 3374 (class 1259 OID 18290)
-- Name: tb_contracts_client_id_c58d0e41; Type: INDEX; Schema: public; Owner: postgres
--

CREATE INDEX tb_contracts_client_id_c58d0e41 ON public.tb_contracts USING btree (client_id);


--
-- TOC entry 3375 (class 1259 OID 18291)
-- Name: tb_contracts_contract_id_d3a8bbd0; Type: INDEX; Schema: public; Owner: postgres
--

CREATE INDEX tb_contracts_contract_id_d3a8bbd0 ON public.tb_contracts USING btree (contract_id);


--
-- TOC entry 3376 (class 1259 OID 18125)
-- Name: tb_contracts_number_65588abe_like; Type: INDEX; Schema: public; Owner: postgres
--

CREATE INDEX tb_contracts_number_65588abe_like ON public.tb_contracts USING btree (number varchar_pattern_ops);


--
-- TOC entry 3381 (class 1259 OID 18317)
-- Name: tb_contracts_service_id_38e75256; Type: INDEX; Schema: public; Owner: postgres
--

CREATE INDEX tb_contracts_service_id_38e75256 ON public.tb_contracts USING btree (service_id);


--
-- TOC entry 3382 (class 1259 OID 18292)
-- Name: tb_contracts_user_at_id_1926ccea; Type: INDEX; Schema: public; Owner: postgres
--

CREATE INDEX tb_contracts_user_at_id_1926ccea ON public.tb_contracts USING btree (user_at_id);


--
-- TOC entry 3383 (class 1259 OID 18293)
-- Name: tb_contracts_user_manager_id_73a61c4c; Type: INDEX; Schema: public; Owner: postgres
--

CREATE INDEX tb_contracts_user_manager_id_73a61c4c ON public.tb_contracts USING btree (user_manager_id);


--
-- TOC entry 3384 (class 1259 OID 18294)
-- Name: tb_contracts_user_receiving_id_9f8a2730; Type: INDEX; Schema: public; Owner: postgres
--

CREATE INDEX tb_contracts_user_receiving_id_9f8a2730 ON public.tb_contracts USING btree (user_receiving_id);


--
-- TOC entry 3339 (class 1259 OID 18353)
-- Name: tb_group_users_group_id_4418b6b4; Type: INDEX; Schema: public; Owner: postgres
--

CREATE INDEX tb_group_users_group_id_4418b6b4 ON public.tb_group_users USING btree (group_id);


--
-- TOC entry 3340 (class 1259 OID 18346)
-- Name: tb_group_users_user_id_2148823b; Type: INDEX; Schema: public; Owner: postgres
--

CREATE INDEX tb_group_users_user_id_2148823b ON public.tb_group_users USING btree (user_id);


--
-- TOC entry 3443 (class 1259 OID 18352)
-- Name: tb_groups_user_at_id_a76fa153; Type: INDEX; Schema: public; Owner: postgres
--

CREATE INDEX tb_groups_user_at_id_a76fa153 ON public.tb_groups USING btree (user_at_id);


--
-- TOC entry 3444 (class 1259 OID 18373)
-- Name: tb_ministeries_acronym_136c98a0_like; Type: INDEX; Schema: public; Owner: postgres
--

CREATE INDEX tb_ministeries_acronym_136c98a0_like ON public.tb_ministeries USING btree (acronym varchar_pattern_ops);


--
-- TOC entry 3447 (class 1259 OID 18372)
-- Name: tb_ministeries_name_00c86f5a_like; Type: INDEX; Schema: public; Owner: postgres
--

CREATE INDEX tb_ministeries_name_00c86f5a_like ON public.tb_ministeries USING btree (name varchar_pattern_ops);


--
-- TOC entry 3452 (class 1259 OID 18374)
-- Name: tb_ministeries_user_at_id_0c99ec1d; Type: INDEX; Schema: public; Owner: postgres
--

CREATE INDEX tb_ministeries_user_at_id_0c99ec1d ON public.tb_ministeries USING btree (user_at_id);


--
-- TOC entry 3345 (class 1259 OID 18002)
-- Name: tb_municipalities_province_id_ea1e16a9; Type: INDEX; Schema: public; Owner: postgres
--

CREATE INDEX tb_municipalities_province_id_ea1e16a9 ON public.tb_municipalities USING btree (province_id);


--
-- TOC entry 3409 (class 1259 OID 18307)
-- Name: tb_offer_status_contract_id_700fe81f; Type: INDEX; Schema: public; Owner: postgres
--

CREATE INDEX tb_offer_status_contract_id_700fe81f ON public.tb_offer_status USING btree (contract_id);


--
-- TOC entry 3410 (class 1259 OID 18308)
-- Name: tb_offer_status_offer_id_edd3e11a; Type: INDEX; Schema: public; Owner: postgres
--

CREATE INDEX tb_offer_status_offer_id_edd3e11a ON public.tb_offer_status USING btree (offer_id);


--
-- TOC entry 3413 (class 1259 OID 18128)
-- Name: tb_offer_status_status_1c37c237_like; Type: INDEX; Schema: public; Owner: postgres
--

CREATE INDEX tb_offer_status_status_1c37c237_like ON public.tb_offer_status USING btree (status varchar_pattern_ops);


--
-- TOC entry 3416 (class 1259 OID 18309)
-- Name: tb_offer_status_user_at_id_a436e820; Type: INDEX; Schema: public; Owner: postgres
--

CREATE INDEX tb_offer_status_user_at_id_a436e820 ON public.tb_offer_status USING btree (user_at_id);


--
-- TOC entry 3398 (class 1259 OID 18301)
-- Name: tb_offers_client_id_27e8f06d; Type: INDEX; Schema: public; Owner: postgres
--

CREATE INDEX tb_offers_client_id_27e8f06d ON public.tb_offers USING btree (client_id);


--
-- TOC entry 3399 (class 1259 OID 18302)
-- Name: tb_offers_contract_id_ea33eaf6; Type: INDEX; Schema: public; Owner: postgres
--

CREATE INDEX tb_offers_contract_id_ea33eaf6 ON public.tb_offers USING btree (contract_id);


--
-- TOC entry 3400 (class 1259 OID 18127)
-- Name: tb_offers_number_f2c80bab_like; Type: INDEX; Schema: public; Owner: postgres
--

CREATE INDEX tb_offers_number_f2c80bab_like ON public.tb_offers USING btree (number varchar_pattern_ops);


--
-- TOC entry 3405 (class 1259 OID 18303)
-- Name: tb_offers_service_id_1913c9f1; Type: INDEX; Schema: public; Owner: postgres
--

CREATE INDEX tb_offers_service_id_1913c9f1 ON public.tb_offers USING btree (service_id);


--
-- TOC entry 3406 (class 1259 OID 18304)
-- Name: tb_offers_user_at_id_f4acf616; Type: INDEX; Schema: public; Owner: postgres
--

CREATE INDEX tb_offers_user_at_id_f4acf616 ON public.tb_offers USING btree (user_at_id);


--
-- TOC entry 3407 (class 1259 OID 18305)
-- Name: tb_offers_user_client_receiving_id_7fe1c892; Type: INDEX; Schema: public; Owner: postgres
--

CREATE INDEX tb_offers_user_client_receiving_id_7fe1c892 ON public.tb_offers USING btree (user_client_receiving_id);


--
-- TOC entry 3408 (class 1259 OID 18306)
-- Name: tb_offers_user_receiving_id_9f9f5111; Type: INDEX; Schema: public; Owner: postgres
--

CREATE INDEX tb_offers_user_receiving_id_9f9f5111 ON public.tb_offers USING btree (user_receiving_id);


--
-- TOC entry 3417 (class 1259 OID 18310)
-- Name: tb_orders_contract_id_55baa138; Type: INDEX; Schema: public; Owner: postgres
--

CREATE INDEX tb_orders_contract_id_55baa138 ON public.tb_orders USING btree (contract_id);


--
-- TOC entry 3418 (class 1259 OID 18129)
-- Name: tb_orders_number_dfbe79ae_like; Type: INDEX; Schema: public; Owner: postgres
--

CREATE INDEX tb_orders_number_dfbe79ae_like ON public.tb_orders USING btree (number varchar_pattern_ops);


--
-- TOC entry 3423 (class 1259 OID 18311)
-- Name: tb_orders_user_at_id_387fc3e2; Type: INDEX; Schema: public; Owner: postgres
--

CREATE INDEX tb_orders_user_at_id_387fc3e2 ON public.tb_orders USING btree (user_at_id);


--
-- TOC entry 3348 (class 1259 OID 18008)
-- Name: tb_salary_scales_user_at_id_7163d025; Type: INDEX; Schema: public; Owner: postgres
--

CREATE INDEX tb_salary_scales_user_at_id_7163d025 ON public.tb_salary_scales USING btree (user_at_id);


--
-- TOC entry 3349 (class 1259 OID 18356)
-- Name: tb_service_types_name_71877129_like; Type: INDEX; Schema: public; Owner: postgres
--

CREATE INDEX tb_service_types_name_71877129_like ON public.tb_service_types USING btree (name varchar_pattern_ops);


--
-- TOC entry 3354 (class 1259 OID 18016)
-- Name: tb_service_types_user_at_id_5e8e97b8; Type: INDEX; Schema: public; Owner: postgres
--

CREATE INDEX tb_service_types_user_at_id_5e8e97b8 ON public.tb_service_types USING btree (user_at_id);


--
-- TOC entry 3424 (class 1259 OID 18312)
-- Name: tb_servicies_client_id_c5bc8a79; Type: INDEX; Schema: public; Owner: postgres
--

CREATE INDEX tb_servicies_client_id_c5bc8a79 ON public.tb_servicies USING btree (client_id);


--
-- TOC entry 3425 (class 1259 OID 18131)
-- Name: tb_servicies_number_b684a4d3_like; Type: INDEX; Schema: public; Owner: postgres
--

CREATE INDEX tb_servicies_number_b684a4d3_like ON public.tb_servicies USING btree (number varchar_pattern_ops);


--
-- TOC entry 3430 (class 1259 OID 18130)
-- Name: tb_servicies_title_79325325_like; Type: INDEX; Schema: public; Owner: postgres
--

CREATE INDEX tb_servicies_title_79325325_like ON public.tb_servicies USING btree (title varchar_pattern_ops);


--
-- TOC entry 3433 (class 1259 OID 18313)
-- Name: tb_servicies_user_approved_id_da251d6f; Type: INDEX; Schema: public; Owner: postgres
--

CREATE INDEX tb_servicies_user_approved_id_da251d6f ON public.tb_servicies USING btree (user_approved_id);


--
-- TOC entry 3434 (class 1259 OID 18314)
-- Name: tb_servicies_user_assigned_id_ecd62702; Type: INDEX; Schema: public; Owner: postgres
--

CREATE INDEX tb_servicies_user_assigned_id_ecd62702 ON public.tb_servicies USING btree (user_assigned_id);


--
-- TOC entry 3435 (class 1259 OID 18315)
-- Name: tb_servicies_user_at_id_9c7f3a9d; Type: INDEX; Schema: public; Owner: postgres
--

CREATE INDEX tb_servicies_user_at_id_9c7f3a9d ON public.tb_servicies USING btree (user_at_id);


--
-- TOC entry 3436 (class 1259 OID 18316)
-- Name: tb_servicies_user_receiving_id_a44bfc08; Type: INDEX; Schema: public; Owner: postgres
--

CREATE INDEX tb_servicies_user_receiving_id_a44bfc08 ON public.tb_servicies USING btree (user_receiving_id);


--
-- TOC entry 3313 (class 1259 OID 17989)
-- Name: tb_users_company_position_id_522a4527; Type: INDEX; Schema: public; Owner: postgres
--

CREATE INDEX tb_users_company_position_id_522a4527 ON public.tb_users USING btree (company_position_id);


--
-- TOC entry 3314 (class 1259 OID 17954)
-- Name: tb_users_email_3ade3f93_like; Type: INDEX; Schema: public; Owner: postgres
--

CREATE INDEX tb_users_email_3ade3f93_like ON public.tb_users USING btree (email varchar_pattern_ops);


--
-- TOC entry 3323 (class 1259 OID 17967)
-- Name: tb_users_groups_customuser_id_f30e7730; Type: INDEX; Schema: public; Owner: postgres
--

CREATE INDEX tb_users_groups_customuser_id_f30e7730 ON public.tb_users_groups USING btree (customuser_id);


--
-- TOC entry 3326 (class 1259 OID 17968)
-- Name: tb_users_groups_group_id_04d64563; Type: INDEX; Schema: public; Owner: postgres
--

CREATE INDEX tb_users_groups_group_id_04d64563 ON public.tb_users_groups USING btree (group_id);


--
-- TOC entry 3319 (class 1259 OID 18010)
-- Name: tb_users_salary_scale_id_496fb20c; Type: INDEX; Schema: public; Owner: postgres
--

CREATE INDEX tb_users_salary_scale_id_496fb20c ON public.tb_users USING btree (salary_scale_id);


--
-- TOC entry 3331 (class 1259 OID 17981)
-- Name: tb_users_user_permissions_customuser_id_7656157e; Type: INDEX; Schema: public; Owner: postgres
--

CREATE INDEX tb_users_user_permissions_customuser_id_7656157e ON public.tb_users_user_permissions USING btree (customuser_id);


--
-- TOC entry 3332 (class 1259 OID 17982)
-- Name: tb_users_user_permissions_permission_id_b9b3ac94; Type: INDEX; Schema: public; Owner: postgres
--

CREATE INDEX tb_users_user_permissions_permission_id_b9b3ac94 ON public.tb_users_user_permissions USING btree (permission_id);


--
-- TOC entry 3320 (class 1259 OID 17953)
-- Name: tb_users_username_c1d00e0e_like; Type: INDEX; Schema: public; Owner: postgres
--

CREATE INDEX tb_users_username_c1d00e0e_like ON public.tb_users USING btree (username varchar_pattern_ops);


--
-- TOC entry 3455 (class 2606 OID 17855)
-- Name: auth_group_permissions auth_group_permissio_permission_id_84c5c92e_fk_auth_perm; Type: FK CONSTRAINT; Schema: public; Owner: postgres
--

ALTER TABLE ONLY public.auth_group_permissions
    ADD CONSTRAINT auth_group_permissio_permission_id_84c5c92e_fk_auth_perm FOREIGN KEY (permission_id) REFERENCES public.auth_permission(id) DEFERRABLE INITIALLY DEFERRED;


--
-- TOC entry 3454 (class 2606 OID 17850)
-- Name: auth_group_permissions auth_group_permissions_group_id_b120cbf9_fk_auth_group_id; Type: FK CONSTRAINT; Schema: public; Owner: postgres
--

ALTER TABLE ONLY public.auth_group_permissions
    ADD CONSTRAINT auth_group_permissions_group_id_b120cbf9_fk_auth_group_id FOREIGN KEY (group_id) REFERENCES public.auth_group(id) DEFERRABLE INITIALLY DEFERRED;


--
-- TOC entry 3453 (class 2606 OID 17841)
-- Name: auth_permission auth_permission_content_type_id_2f476e4b_fk_django_co; Type: FK CONSTRAINT; Schema: public; Owner: postgres
--

ALTER TABLE ONLY public.auth_permission
    ADD CONSTRAINT auth_permission_content_type_id_2f476e4b_fk_django_co FOREIGN KEY (content_type_id) REFERENCES public.django_content_type(id) DEFERRABLE INITIALLY DEFERRED;


--
-- TOC entry 3469 (class 2606 OID 18026)
-- Name: django_admin_log django_admin_log_content_type_id_c4bce8eb_fk_django_co; Type: FK CONSTRAINT; Schema: public; Owner: postgres
--

ALTER TABLE ONLY public.django_admin_log
    ADD CONSTRAINT django_admin_log_content_type_id_c4bce8eb_fk_django_co FOREIGN KEY (content_type_id) REFERENCES public.django_content_type(id) DEFERRABLE INITIALLY DEFERRED;


--
-- TOC entry 3470 (class 2606 OID 18031)
-- Name: django_admin_log django_admin_log_user_id_c564eba6_fk_tb_users_id; Type: FK CONSTRAINT; Schema: public; Owner: postgres
--

ALTER TABLE ONLY public.django_admin_log
    ADD CONSTRAINT django_admin_log_user_id_c564eba6_fk_tb_users_id FOREIGN KEY (user_id) REFERENCES public.tb_users(id) DEFERRABLE INITIALLY DEFERRED;


--
-- TOC entry 3474 (class 2606 OID 18391)
-- Name: tb_clients tb_clients_ministry_id_e8a40379_fk_tb_ministeries_id; Type: FK CONSTRAINT; Schema: public; Owner: postgres
--

ALTER TABLE ONLY public.tb_clients
    ADD CONSTRAINT tb_clients_ministry_id_e8a40379_fk_tb_ministeries_id FOREIGN KEY (ministry_id) REFERENCES public.tb_ministeries(id) DEFERRABLE INITIALLY DEFERRED;


--
-- TOC entry 3471 (class 2606 OID 18132)
-- Name: tb_clients tb_clients_municipality_id_3c09dc8d_fk_tb_municipalities_id; Type: FK CONSTRAINT; Schema: public; Owner: postgres
--

ALTER TABLE ONLY public.tb_clients
    ADD CONSTRAINT tb_clients_municipality_id_3c09dc8d_fk_tb_municipalities_id FOREIGN KEY (municipality_id) REFERENCES public.tb_municipalities(id) DEFERRABLE INITIALLY DEFERRED;


--
-- TOC entry 3472 (class 2606 OID 18137)
-- Name: tb_clients tb_clients_province_id_2717fc1a_fk_tb_provinces_id; Type: FK CONSTRAINT; Schema: public; Owner: postgres
--

ALTER TABLE ONLY public.tb_clients
    ADD CONSTRAINT tb_clients_province_id_2717fc1a_fk_tb_provinces_id FOREIGN KEY (province_id) REFERENCES public.tb_provinces(id) DEFERRABLE INITIALLY DEFERRED;


--
-- TOC entry 3473 (class 2606 OID 18142)
-- Name: tb_clients tb_clients_user_at_id_7b2d2ec9_fk_tb_users_id; Type: FK CONSTRAINT; Schema: public; Owner: postgres
--

ALTER TABLE ONLY public.tb_clients
    ADD CONSTRAINT tb_clients_user_at_id_7b2d2ec9_fk_tb_users_id FOREIGN KEY (user_at_id) REFERENCES public.tb_users(id) DEFERRABLE INITIALLY DEFERRED;


--
-- TOC entry 3462 (class 2606 OID 17935)
-- Name: tb_company_positions tb_company_positions_salary_scale_id_cd68a0c4_fk_tb_salary; Type: FK CONSTRAINT; Schema: public; Owner: postgres
--

ALTER TABLE ONLY public.tb_company_positions
    ADD CONSTRAINT tb_company_positions_salary_scale_id_cd68a0c4_fk_tb_salary FOREIGN KEY (salary_scale_id) REFERENCES public.tb_salary_scales(id) DEFERRABLE INITIALLY DEFERRED;


--
-- TOC entry 3463 (class 2606 OID 17983)
-- Name: tb_company_positions tb_company_positions_user_at_id_6791767c_fk_tb_users_id; Type: FK CONSTRAINT; Schema: public; Owner: postgres
--

ALTER TABLE ONLY public.tb_company_positions
    ADD CONSTRAINT tb_company_positions_user_at_id_6791767c_fk_tb_users_id FOREIGN KEY (user_at_id) REFERENCES public.tb_users(id) DEFERRABLE INITIALLY DEFERRED;


--
-- TOC entry 3481 (class 2606 OID 18172)
-- Name: tb_contract_services tb_contract_services_client_id_b61b61b7_fk_tb_clients_id; Type: FK CONSTRAINT; Schema: public; Owner: postgres
--

ALTER TABLE ONLY public.tb_contract_services
    ADD CONSTRAINT tb_contract_services_client_id_b61b61b7_fk_tb_clients_id FOREIGN KEY (client_id) REFERENCES public.tb_clients(id) DEFERRABLE INITIALLY DEFERRED;


--
-- TOC entry 3482 (class 2606 OID 18177)
-- Name: tb_contract_services tb_contract_services_contract_id_462aff2b_fk_tb_contracts_id; Type: FK CONSTRAINT; Schema: public; Owner: postgres
--

ALTER TABLE ONLY public.tb_contract_services
    ADD CONSTRAINT tb_contract_services_contract_id_462aff2b_fk_tb_contracts_id FOREIGN KEY (contract_id) REFERENCES public.tb_contracts(id) DEFERRABLE INITIALLY DEFERRED;


--
-- TOC entry 3483 (class 2606 OID 18182)
-- Name: tb_contract_services tb_contract_services_service_id_edb9db0d_fk_tb_service_types_id; Type: FK CONSTRAINT; Schema: public; Owner: postgres
--

ALTER TABLE ONLY public.tb_contract_services
    ADD CONSTRAINT tb_contract_services_service_id_edb9db0d_fk_tb_service_types_id FOREIGN KEY (service_id) REFERENCES public.tb_service_types(id) DEFERRABLE INITIALLY DEFERRED;


--
-- TOC entry 3484 (class 2606 OID 18187)
-- Name: tb_contract_services tb_contract_services_user_at_id_f183ca31_fk_tb_users_id; Type: FK CONSTRAINT; Schema: public; Owner: postgres
--

ALTER TABLE ONLY public.tb_contract_services
    ADD CONSTRAINT tb_contract_services_user_at_id_f183ca31_fk_tb_users_id FOREIGN KEY (user_at_id) REFERENCES public.tb_users(id) DEFERRABLE INITIALLY DEFERRED;


--
-- TOC entry 3485 (class 2606 OID 18192)
-- Name: tb_contract_status tb_contract_status_contract_id_53a372e5_fk_tb_contracts_id; Type: FK CONSTRAINT; Schema: public; Owner: postgres
--

ALTER TABLE ONLY public.tb_contract_status
    ADD CONSTRAINT tb_contract_status_contract_id_53a372e5_fk_tb_contracts_id FOREIGN KEY (contract_id) REFERENCES public.tb_contracts(id) DEFERRABLE INITIALLY DEFERRED;


--
-- TOC entry 3486 (class 2606 OID 18197)
-- Name: tb_contract_status tb_contract_status_user_at_id_7daf39c6_fk_tb_users_id; Type: FK CONSTRAINT; Schema: public; Owner: postgres
--

ALTER TABLE ONLY public.tb_contract_status
    ADD CONSTRAINT tb_contract_status_user_at_id_7daf39c6_fk_tb_users_id FOREIGN KEY (user_at_id) REFERENCES public.tb_users(id) DEFERRABLE INITIALLY DEFERRED;


--
-- TOC entry 3475 (class 2606 OID 18147)
-- Name: tb_contracts tb_contracts_client_id_c58d0e41_fk_tb_clients_id; Type: FK CONSTRAINT; Schema: public; Owner: postgres
--

ALTER TABLE ONLY public.tb_contracts
    ADD CONSTRAINT tb_contracts_client_id_c58d0e41_fk_tb_clients_id FOREIGN KEY (client_id) REFERENCES public.tb_clients(id) DEFERRABLE INITIALLY DEFERRED;


--
-- TOC entry 3476 (class 2606 OID 18152)
-- Name: tb_contracts tb_contracts_contract_id_d3a8bbd0_fk_tb_contracts_id; Type: FK CONSTRAINT; Schema: public; Owner: postgres
--

ALTER TABLE ONLY public.tb_contracts
    ADD CONSTRAINT tb_contracts_contract_id_d3a8bbd0_fk_tb_contracts_id FOREIGN KEY (contract_id) REFERENCES public.tb_contracts(id) DEFERRABLE INITIALLY DEFERRED;


--
-- TOC entry 3480 (class 2606 OID 18282)
-- Name: tb_contracts tb_contracts_service_id_38e75256_fk_tb_servicies_id; Type: FK CONSTRAINT; Schema: public; Owner: postgres
--

ALTER TABLE ONLY public.tb_contracts
    ADD CONSTRAINT tb_contracts_service_id_38e75256_fk_tb_servicies_id FOREIGN KEY (service_id) REFERENCES public.tb_servicies(id) DEFERRABLE INITIALLY DEFERRED;


--
-- TOC entry 3477 (class 2606 OID 18157)
-- Name: tb_contracts tb_contracts_user_at_id_1926ccea_fk_tb_users_id; Type: FK CONSTRAINT; Schema: public; Owner: postgres
--

ALTER TABLE ONLY public.tb_contracts
    ADD CONSTRAINT tb_contracts_user_at_id_1926ccea_fk_tb_users_id FOREIGN KEY (user_at_id) REFERENCES public.tb_users(id) DEFERRABLE INITIALLY DEFERRED;


--
-- TOC entry 3478 (class 2606 OID 18162)
-- Name: tb_contracts tb_contracts_user_manager_id_73a61c4c_fk_tb_users_id; Type: FK CONSTRAINT; Schema: public; Owner: postgres
--

ALTER TABLE ONLY public.tb_contracts
    ADD CONSTRAINT tb_contracts_user_manager_id_73a61c4c_fk_tb_users_id FOREIGN KEY (user_manager_id) REFERENCES public.tb_users(id) DEFERRABLE INITIALLY DEFERRED;


--
-- TOC entry 3479 (class 2606 OID 18167)
-- Name: tb_contracts tb_contracts_user_receiving_id_9f8a2730_fk_tb_users_id; Type: FK CONSTRAINT; Schema: public; Owner: postgres
--

ALTER TABLE ONLY public.tb_contracts
    ADD CONSTRAINT tb_contracts_user_receiving_id_9f8a2730_fk_tb_users_id FOREIGN KEY (user_receiving_id) REFERENCES public.tb_users(id) DEFERRABLE INITIALLY DEFERRED;


--
-- TOC entry 3465 (class 2606 OID 18341)
-- Name: tb_group_users tb_group_users_group_id_4418b6b4_fk_tb_groups_id; Type: FK CONSTRAINT; Schema: public; Owner: postgres
--

ALTER TABLE ONLY public.tb_group_users
    ADD CONSTRAINT tb_group_users_group_id_4418b6b4_fk_tb_groups_id FOREIGN KEY (group_id) REFERENCES public.tb_groups(id) DEFERRABLE INITIALLY DEFERRED;


--
-- TOC entry 3503 (class 2606 OID 18347)
-- Name: tb_groups tb_groups_user_at_id_a76fa153_fk_tb_users_id; Type: FK CONSTRAINT; Schema: public; Owner: postgres
--

ALTER TABLE ONLY public.tb_groups
    ADD CONSTRAINT tb_groups_user_at_id_a76fa153_fk_tb_users_id FOREIGN KEY (user_at_id) REFERENCES public.tb_users(id) DEFERRABLE INITIALLY DEFERRED;


--
-- TOC entry 3464 (class 2606 OID 18328)
-- Name: tb_group_users tb_groups_user_id_3ab4c129_fk_tb_users_id; Type: FK CONSTRAINT; Schema: public; Owner: postgres
--

ALTER TABLE ONLY public.tb_group_users
    ADD CONSTRAINT tb_groups_user_id_3ab4c129_fk_tb_users_id FOREIGN KEY (user_id) REFERENCES public.tb_users(id) DEFERRABLE INITIALLY DEFERRED;


--
-- TOC entry 3504 (class 2606 OID 18367)
-- Name: tb_ministeries tb_ministeries_user_at_id_0c99ec1d_fk_tb_users_id; Type: FK CONSTRAINT; Schema: public; Owner: postgres
--

ALTER TABLE ONLY public.tb_ministeries
    ADD CONSTRAINT tb_ministeries_user_at_id_0c99ec1d_fk_tb_users_id FOREIGN KEY (user_at_id) REFERENCES public.tb_users(id) DEFERRABLE INITIALLY DEFERRED;


--
-- TOC entry 3466 (class 2606 OID 17997)
-- Name: tb_municipalities tb_municipalities_province_id_ea1e16a9_fk_tb_provinces_id; Type: FK CONSTRAINT; Schema: public; Owner: postgres
--

ALTER TABLE ONLY public.tb_municipalities
    ADD CONSTRAINT tb_municipalities_province_id_ea1e16a9_fk_tb_provinces_id FOREIGN KEY (province_id) REFERENCES public.tb_provinces(id) DEFERRABLE INITIALLY DEFERRED;


--
-- TOC entry 3493 (class 2606 OID 18232)
-- Name: tb_offer_status tb_offer_status_contract_id_700fe81f_fk_tb_contracts_id; Type: FK CONSTRAINT; Schema: public; Owner: postgres
--

ALTER TABLE ONLY public.tb_offer_status
    ADD CONSTRAINT tb_offer_status_contract_id_700fe81f_fk_tb_contracts_id FOREIGN KEY (contract_id) REFERENCES public.tb_contracts(id) DEFERRABLE INITIALLY DEFERRED;


--
-- TOC entry 3494 (class 2606 OID 18237)
-- Name: tb_offer_status tb_offer_status_offer_id_edd3e11a_fk_tb_offers_id; Type: FK CONSTRAINT; Schema: public; Owner: postgres
--

ALTER TABLE ONLY public.tb_offer_status
    ADD CONSTRAINT tb_offer_status_offer_id_edd3e11a_fk_tb_offers_id FOREIGN KEY (offer_id) REFERENCES public.tb_offers(id) DEFERRABLE INITIALLY DEFERRED;


--
-- TOC entry 3495 (class 2606 OID 18242)
-- Name: tb_offer_status tb_offer_status_user_at_id_a436e820_fk_tb_users_id; Type: FK CONSTRAINT; Schema: public; Owner: postgres
--

ALTER TABLE ONLY public.tb_offer_status
    ADD CONSTRAINT tb_offer_status_user_at_id_a436e820_fk_tb_users_id FOREIGN KEY (user_at_id) REFERENCES public.tb_users(id) DEFERRABLE INITIALLY DEFERRED;


--
-- TOC entry 3487 (class 2606 OID 18202)
-- Name: tb_offers tb_offers_client_id_27e8f06d_fk_tb_clients_id; Type: FK CONSTRAINT; Schema: public; Owner: postgres
--

ALTER TABLE ONLY public.tb_offers
    ADD CONSTRAINT tb_offers_client_id_27e8f06d_fk_tb_clients_id FOREIGN KEY (client_id) REFERENCES public.tb_clients(id) DEFERRABLE INITIALLY DEFERRED;


--
-- TOC entry 3488 (class 2606 OID 18207)
-- Name: tb_offers tb_offers_contract_id_ea33eaf6_fk_tb_contracts_id; Type: FK CONSTRAINT; Schema: public; Owner: postgres
--

ALTER TABLE ONLY public.tb_offers
    ADD CONSTRAINT tb_offers_contract_id_ea33eaf6_fk_tb_contracts_id FOREIGN KEY (contract_id) REFERENCES public.tb_contracts(id) DEFERRABLE INITIALLY DEFERRED;


--
-- TOC entry 3489 (class 2606 OID 18212)
-- Name: tb_offers tb_offers_service_id_1913c9f1_fk_tb_service_types_id; Type: FK CONSTRAINT; Schema: public; Owner: postgres
--

ALTER TABLE ONLY public.tb_offers
    ADD CONSTRAINT tb_offers_service_id_1913c9f1_fk_tb_service_types_id FOREIGN KEY (service_id) REFERENCES public.tb_service_types(id) DEFERRABLE INITIALLY DEFERRED;


--
-- TOC entry 3490 (class 2606 OID 18217)
-- Name: tb_offers tb_offers_user_at_id_f4acf616_fk_tb_users_id; Type: FK CONSTRAINT; Schema: public; Owner: postgres
--

ALTER TABLE ONLY public.tb_offers
    ADD CONSTRAINT tb_offers_user_at_id_f4acf616_fk_tb_users_id FOREIGN KEY (user_at_id) REFERENCES public.tb_users(id) DEFERRABLE INITIALLY DEFERRED;


--
-- TOC entry 3491 (class 2606 OID 18222)
-- Name: tb_offers tb_offers_user_client_receiving_id_7fe1c892_fk_tb_users_id; Type: FK CONSTRAINT; Schema: public; Owner: postgres
--

ALTER TABLE ONLY public.tb_offers
    ADD CONSTRAINT tb_offers_user_client_receiving_id_7fe1c892_fk_tb_users_id FOREIGN KEY (user_client_receiving_id) REFERENCES public.tb_users(id) DEFERRABLE INITIALLY DEFERRED;


--
-- TOC entry 3492 (class 2606 OID 18227)
-- Name: tb_offers tb_offers_user_receiving_id_9f9f5111_fk_tb_users_id; Type: FK CONSTRAINT; Schema: public; Owner: postgres
--

ALTER TABLE ONLY public.tb_offers
    ADD CONSTRAINT tb_offers_user_receiving_id_9f9f5111_fk_tb_users_id FOREIGN KEY (user_receiving_id) REFERENCES public.tb_users(id) DEFERRABLE INITIALLY DEFERRED;


--
-- TOC entry 3496 (class 2606 OID 18247)
-- Name: tb_orders tb_orders_contract_id_55baa138_fk_tb_contracts_id; Type: FK CONSTRAINT; Schema: public; Owner: postgres
--

ALTER TABLE ONLY public.tb_orders
    ADD CONSTRAINT tb_orders_contract_id_55baa138_fk_tb_contracts_id FOREIGN KEY (contract_id) REFERENCES public.tb_contracts(id) DEFERRABLE INITIALLY DEFERRED;


--
-- TOC entry 3497 (class 2606 OID 18252)
-- Name: tb_orders tb_orders_user_at_id_387fc3e2_fk_tb_users_id; Type: FK CONSTRAINT; Schema: public; Owner: postgres
--

ALTER TABLE ONLY public.tb_orders
    ADD CONSTRAINT tb_orders_user_at_id_387fc3e2_fk_tb_users_id FOREIGN KEY (user_at_id) REFERENCES public.tb_users(id) DEFERRABLE INITIALLY DEFERRED;


--
-- TOC entry 3467 (class 2606 OID 18003)
-- Name: tb_salary_scales tb_salary_scales_user_at_id_7163d025_fk_tb_users_id; Type: FK CONSTRAINT; Schema: public; Owner: postgres
--

ALTER TABLE ONLY public.tb_salary_scales
    ADD CONSTRAINT tb_salary_scales_user_at_id_7163d025_fk_tb_users_id FOREIGN KEY (user_at_id) REFERENCES public.tb_users(id) DEFERRABLE INITIALLY DEFERRED;


--
-- TOC entry 3468 (class 2606 OID 18011)
-- Name: tb_service_types tb_service_types_user_at_id_5e8e97b8_fk_tb_users_id; Type: FK CONSTRAINT; Schema: public; Owner: postgres
--

ALTER TABLE ONLY public.tb_service_types
    ADD CONSTRAINT tb_service_types_user_at_id_5e8e97b8_fk_tb_users_id FOREIGN KEY (user_at_id) REFERENCES public.tb_users(id) DEFERRABLE INITIALLY DEFERRED;


--
-- TOC entry 3498 (class 2606 OID 18257)
-- Name: tb_servicies tb_servicies_client_id_c5bc8a79_fk_tb_clients_id; Type: FK CONSTRAINT; Schema: public; Owner: postgres
--

ALTER TABLE ONLY public.tb_servicies
    ADD CONSTRAINT tb_servicies_client_id_c5bc8a79_fk_tb_clients_id FOREIGN KEY (client_id) REFERENCES public.tb_clients(id) DEFERRABLE INITIALLY DEFERRED;


--
-- TOC entry 3499 (class 2606 OID 18262)
-- Name: tb_servicies tb_servicies_user_approved_id_da251d6f_fk_tb_users_id; Type: FK CONSTRAINT; Schema: public; Owner: postgres
--

ALTER TABLE ONLY public.tb_servicies
    ADD CONSTRAINT tb_servicies_user_approved_id_da251d6f_fk_tb_users_id FOREIGN KEY (user_approved_id) REFERENCES public.tb_users(id) DEFERRABLE INITIALLY DEFERRED;


--
-- TOC entry 3500 (class 2606 OID 18267)
-- Name: tb_servicies tb_servicies_user_assigned_id_ecd62702_fk_tb_users_id; Type: FK CONSTRAINT; Schema: public; Owner: postgres
--

ALTER TABLE ONLY public.tb_servicies
    ADD CONSTRAINT tb_servicies_user_assigned_id_ecd62702_fk_tb_users_id FOREIGN KEY (user_assigned_id) REFERENCES public.tb_users(id) DEFERRABLE INITIALLY DEFERRED;


--
-- TOC entry 3501 (class 2606 OID 18272)
-- Name: tb_servicies tb_servicies_user_at_id_9c7f3a9d_fk_tb_users_id; Type: FK CONSTRAINT; Schema: public; Owner: postgres
--

ALTER TABLE ONLY public.tb_servicies
    ADD CONSTRAINT tb_servicies_user_at_id_9c7f3a9d_fk_tb_users_id FOREIGN KEY (user_at_id) REFERENCES public.tb_users(id) DEFERRABLE INITIALLY DEFERRED;


--
-- TOC entry 3502 (class 2606 OID 18277)
-- Name: tb_servicies tb_servicies_user_receiving_id_a44bfc08_fk_tb_users_id; Type: FK CONSTRAINT; Schema: public; Owner: postgres
--

ALTER TABLE ONLY public.tb_servicies
    ADD CONSTRAINT tb_servicies_user_receiving_id_a44bfc08_fk_tb_users_id FOREIGN KEY (user_receiving_id) REFERENCES public.tb_users(id) DEFERRABLE INITIALLY DEFERRED;


--
-- TOC entry 3456 (class 2606 OID 17903)
-- Name: tb_users tb_users_company_position_id_522a4527_fk_tb_compan; Type: FK CONSTRAINT; Schema: public; Owner: postgres
--

ALTER TABLE ONLY public.tb_users
    ADD CONSTRAINT tb_users_company_position_id_522a4527_fk_tb_compan FOREIGN KEY (company_position_id) REFERENCES public.tb_company_positions(id) DEFERRABLE INITIALLY DEFERRED;


--
-- TOC entry 3458 (class 2606 OID 17957)
-- Name: tb_users_groups tb_users_groups_customuser_id_f30e7730_fk_tb_users_id; Type: FK CONSTRAINT; Schema: public; Owner: postgres
--

ALTER TABLE ONLY public.tb_users_groups
    ADD CONSTRAINT tb_users_groups_customuser_id_f30e7730_fk_tb_users_id FOREIGN KEY (customuser_id) REFERENCES public.tb_users(id) DEFERRABLE INITIALLY DEFERRED;


--
-- TOC entry 3459 (class 2606 OID 17962)
-- Name: tb_users_groups tb_users_groups_group_id_04d64563_fk_auth_group_id; Type: FK CONSTRAINT; Schema: public; Owner: postgres
--

ALTER TABLE ONLY public.tb_users_groups
    ADD CONSTRAINT tb_users_groups_group_id_04d64563_fk_auth_group_id FOREIGN KEY (group_id) REFERENCES public.auth_group(id) DEFERRABLE INITIALLY DEFERRED;


--
-- TOC entry 3457 (class 2606 OID 17940)
-- Name: tb_users tb_users_salary_scale_id_496fb20c_fk_tb_salary_scales_id; Type: FK CONSTRAINT; Schema: public; Owner: postgres
--

ALTER TABLE ONLY public.tb_users
    ADD CONSTRAINT tb_users_salary_scale_id_496fb20c_fk_tb_salary_scales_id FOREIGN KEY (salary_scale_id) REFERENCES public.tb_salary_scales(id) DEFERRABLE INITIALLY DEFERRED;


--
-- TOC entry 3461 (class 2606 OID 17976)
-- Name: tb_users_user_permissions tb_users_user_permis_permission_id_b9b3ac94_fk_auth_perm; Type: FK CONSTRAINT; Schema: public; Owner: postgres
--

ALTER TABLE ONLY public.tb_users_user_permissions
    ADD CONSTRAINT tb_users_user_permis_permission_id_b9b3ac94_fk_auth_perm FOREIGN KEY (permission_id) REFERENCES public.auth_permission(id) DEFERRABLE INITIALLY DEFERRED;


--
-- TOC entry 3460 (class 2606 OID 17971)
-- Name: tb_users_user_permissions tb_users_user_permissions_customuser_id_7656157e_fk_tb_users_id; Type: FK CONSTRAINT; Schema: public; Owner: postgres
--

ALTER TABLE ONLY public.tb_users_user_permissions
    ADD CONSTRAINT tb_users_user_permissions_customuser_id_7656157e_fk_tb_users_id FOREIGN KEY (customuser_id) REFERENCES public.tb_users(id) DEFERRABLE INITIALLY DEFERRED;


-- Completed on 2023-12-07 12:36:13

--
-- PostgreSQL database dump complete
--

